arm,baseline_skill,defer_frac,exam_accuracy,latent_skill,practice_frac,reviewer_id,skill_change_from_baseline,under_reliant,week
,,0.32,,0.9032,0.04,R000,,,1
,,0.64,,0.8725,0.0,R000,,,2
,,0.48,,0.819,0.0,R000,,,3
,,0.64,,0.7797,0.04,R000,,,4
,,0.4,,0.7622,0.08,R000,,,5
,,0.6,,0.7432,0.0,R000,,,6
,,0.48,,0.7382,0.08,R000,,,7
,,0.52,,0.73,0.04,R000,,,8
,,0.56,,0.7364,0.04,R000,,,9
,,0.6,,0.7042,0.0,R000,,,10
,,0.48,,0.7138,0.0,R000,,,11
,,0.56,,0.6426,0.0,R000,,,12
,,0.6,,0.6389,0.04,R000,,,13
,,0.64,,0.629,0.04,R000,,,14
,,0.64,,0.6263,0.04,R000,,,15
,,0.68,,0.5975,0.0,R000,,,16
,,0.76,,0.5486,0.04,R000,,,17
,,0.88,,0.5436,0.04,R000,,,18
,,0.64,,0.5534,0.04,R000,,,19
,,0.72,,0.5397,0.0,R000,,,20
,,0.72,,0.4835,0.08,R000,,,21
,,0.84,,0.4411,0.04,R000,,,22
,,0.88,,0.4045,0.04,R000,,,23
,,0.8,,0.3617,0.04,R000,,,24
control_always_ai,0.9096,,0.7,0.3617,,R000,-0.5479,0,exam
,,0.24,,1.5862,1.0,R001,,,1
,,0.16,,1.6189,1.0,R001,,,2
,,0.12,,1.6283,1.0,R001,,,3
,,0.2,,1.6571,1.0,R001,,,4
,,0.24,,1.6761,1.0,R001,,,5
,,0.12,,1.6976,1.0,R001,,,6
,,0.36,,1.6959,1.0,R001,,,7
,,0.36,,1.6938,1.0,R001,,,8
,,0.24,,1.7068,1.0,R001,,,9
,,0.36,,1.713,1.0,R001,,,10
,,0.36,,1.7314,1.0,R001,,,11
,,0.32,,1.7139,1.0,R001,,,12
,,0.2,,1.7094,1.0,R001,,,13
,,0.24,,1.7212,1.0,R001,,,14
,,0.4,,1.7083,1.0,R001,,,15
,,0.36,,1.7214,1.0,R001,,,16
,,0.4,,1.7088,1.0,R001,,,17
,,0.4,,1.7395,1.0,R001,,,18
,,0.52,,1.7163,1.0,R001,,,19
,,0.48,,1.7409,1.0,R001,,,20
,,0.36,,1.7813,1.0,R001,,,21
,,0.52,,1.7781,1.0,R001,,,22
,,0.48,,1.7869,1.0,R001,,,23
,,0.44,,1.7853,1.0,R001,,,24
blind_first,1.5876,,0.9167,1.7853,,R001,0.1977,0,exam
,,0.88,,1.2112,0.12,R002,,,1
,,0.76,,1.1651,0.2,R002,,,2
,,0.84,,1.1494,0.12,R002,,,3
,,0.84,,1.1119,0.16,R002,,,4
,,0.8,,1.105,0.16,R002,,,5
,,0.84,,1.0687,0.16,R002,,,6
,,0.84,,1.0525,0.12,R002,,,7
,,0.76,,1.0246,0.2,R002,,,8
,,0.8,,1.0046,0.2,R002,,,9
,,0.88,,0.9548,0.12,R002,,,10
,,0.76,,0.9196,0.2,R002,,,11
,,0.84,,0.8799,0.12,R002,,,12
,,0.84,,0.8451,0.16,R002,,,13
,,0.8,,0.8043,0.12,R002,,,14
,,0.76,,0.7762,0.2,R002,,,15
,,0.72,,0.7183,0.28,R002,,,16
,,0.88,,0.6737,0.08,R002,,,17
,,0.76,,0.6343,0.2,R002,,,18
,,0.72,,0.6079,0.24,R002,,,19
,,0.8,,0.5951,0.16,R002,,,20
,,0.68,,0.5476,0.24,R002,,,21
,,0.76,,0.4872,0.2,R002,,,22
,,0.76,,0.4554,0.2,R002,,,23
,,0.84,,0.4041,0.12,R002,,,24
withheld_ai,1.2736,,0.65,0.4041,,R002,-0.8695,0,exam
,,0.4,,1.7586,0.4,R003,,,1
,,0.44,,1.7578,0.4,R003,,,2
,,0.16,,1.7709,0.64,R003,,,3
,,0.36,,1.7535,0.48,R003,,,4
,,0.36,,1.7501,0.44,R003,,,5
,,0.48,,1.7134,0.4,R003,,,6
,,0.36,,1.6987,0.52,R003,,,7
,,0.4,,1.6589,0.52,R003,,,8
,,0.52,,1.6341,0.36,R003,,,9
,,0.56,,1.5992,0.4,R003,,,10
,,0.52,,1.5862,0.4,R003,,,11
,,0.48,,1.5876,0.48,R003,,,12
,,0.36,,1.5813,0.64,R003,,,13
,,0.44,,1.5683,0.6,R003,,,14
,,0.52,,1.5367,0.4,R003,,,15
,,0.44,,1.5161,0.44,R003,,,16
,,0.32,,1.5148,0.4,R003,,,17
,,0.56,,1.4532,0.4,R003,,,18
,,0.56,,1.3957,0.44,R003,,,19
,,0.6,,1.3596,0.56,R003,,,20
,,0.64,,1.3227,0.6,R003,,,21
,,0.64,,1.2974,0.52,R003,,,22
,,0.6,,1.2737,0.36,R003,,,23
,,0.68,,1.2684,0.56,R003,,,24
disagreement_prompt,1.7362,,0.8833,1.2684,,R003,-0.4678,0,exam
,,0.52,,0.886,0.08,R004,,,1
,,0.68,,0.8182,0.0,R004,,,2
,,0.4,,0.8003,0.04,R004,,,3
,,0.52,,0.7928,0.12,R004,,,4
,,0.48,,0.8025,0.04,R004,,,5
,,0.52,,0.7945,0.08,R004,,,6
,,0.68,,0.768,0.08,R004,,,7
,,0.56,,0.7709,0.12,R004,,,8
,,0.56,,0.7633,0.12,R004,,,9
,,0.68,,0.7085,0.04,R004,,,10
,,0.68,,0.6816,0.0,R004,,,11
,,0.68,,0.6185,0.0,R004,,,12
,,0.8,,0.5678,0.04,R004,,,13
,,0.68,,0.5376,0.16,R004,,,14
,,0.64,,0.5295,0.08,R004,,,15
,,0.76,,0.4619,0.08,R004,,,16
,,0.56,,0.4175,0.12,R004,,,17
,,0.68,,0.3912,0.12,R004,,,18
,,0.88,,0.3519,0.04,R004,,,19
,,0.84,,0.3001,0.08,R004,,,20
,,0.8,,0.2683,0.04,R004,,,21
,,0.84,,0.216,0.12,R004,,,22
,,0.84,,0.168,0.04,R004,,,23
,,0.88,,0.1205,0.08,R004,,,24
control_always_ai,0.9045,,0.7,0.1205,,R004,-0.784,0,exam
,,0.08,,0.859,1.0,R005,,,1
,,0.0,,0.8731,1.0,R005,,,2
,,0.08,,0.8912,1.0,R005,,,3
,,0.04,,0.9489,1.0,R005,,,4
,,0.04,,0.9879,1.0,R005,,,5
,,0.0,,1.0284,1.0,R005,,,6
,,0.04,,1.0304,1.0,R005,,,7
,,0.08,,1.0467,1.0,R005,,,8
,,0.04,,1.0779,1.0,R005,,,9
,,0.08,,1.1083,1.0,R005,,,10
,,0.04,,1.1071,1.0,R005,,,11
,,0.08,,1.1376,1.0,R005,,,12
,,0.04,,1.1492,1.0,R005,,,13
,,0.08,,1.2063,1.0,R005,,,14
,,0.04,,1.2379,1.0,R005,,,15
,,0.04,,1.2474,1.0,R005,,,16
,,0.0,,1.2868,1.0,R005,,,17
,,0.12,,1.3477,1.0,R005,,,18
,,0.04,,1.4198,1.0,R005,,,19
,,0.0,,1.4685,1.0,R005,,,20
,,0.08,,1.4743,1.0,R005,,,21
,,0.04,,1.4762,1.0,R005,,,22
,,0.0,,1.469,1.0,R005,,,23
,,0.04,,1.4707,1.0,R005,,,24
blind_first,0.8381,,0.95,1.4707,,R005,0.6326,1,exam
,,0.52,,1.0218,0.16,R006,,,1
,,0.48,,1.0145,0.16,R006,,,2
,,0.6,,1.0175,0.16,R006,,,3
,,0.36,,1.0074,0.08,R006,,,4
,,0.56,,0.9502,0.24,R006,,,5
,,0.48,,0.9435,0.24,R006,,,6
,,0.48,,0.9192,0.12,R006,,,7
,,0.84,,0.9045,0.04,R006,,,8
,,0.6,,0.8609,0.08,R006,,,9
,,0.48,,0.8432,0.2,R006,,,10
,,0.56,,0.8038,0.16,R006,,,11
,,0.64,,0.7903,0.2,R006,,,12
,,0.44,,0.7792,0.24,R006,,,13
,,0.6,,0.7469,0.12,R006,,,14
,,0.6,,0.7421,0.12,R006,,,15
,,0.64,,0.716,0.2,R006,,,16
,,0.84,,0.6454,0.08,R006,,,17
,,0.72,,0.5952,0.2,R006,,,18
,,0.52,,0.5708,0.24,R006,,,19
,,0.76,,0.5259,0.12,R006,,,20
,,0.6,,0.4901,0.28,R006,,,21
,,0.76,,0.4785,0.08,R006,,,22
,,0.88,,0.4373,0.12,R006,,,23
,,0.76,,0.4047,0.24,R006,,,24
withheld_ai,1.0536,,0.65,0.4047,,R006,-0.6489,0,exam
,,0.08,,1.6397,0.56,R007,,,1
,,0.08,,1.65,0.6,R007,,,2
,,0.2,,1.6548,0.52,R007,,,3
,,0.08,,1.6289,0.28,R007,,,4
,,0.16,,1.6568,0.48,R007,,,5
,,0.32,,1.6175,0.32,R007,,,6
,,0.4,,1.6106,0.52,R007,,,7
,,0.16,,1.6224,0.56,R007,,,8
,,0.16,,1.6199,0.4,R007,,,9
,,0.36,,1.5833,0.6,R007,,,10
,,0.32,,1.6002,0.24,R007,,,11
,,0.24,,1.6344,0.24,R007,,,12
,,0.28,,1.6435,0.6,R007,,,13
,,0.32,,1.6686,0.64,R007,,,14
,,0.44,,1.6431,0.44,R007,,,15
,,0.24,,1.6475,0.56,R007,,,16
,,0.32,,1.6441,0.48,R007,,,17
,,0.36,,1.6166,0.56,R007,,,18
,,0.28,,1.5798,0.56,R007,,,19
,,0.2,,1.5834,0.48,R007,,,20
,,0.44,,1.6201,0.4,R007,,,21
,,0.24,,1.5869,0.52,R007,,,22
,,0.4,,1.606,0.48,R007,,,23
,,0.48,,1.5955,0.48,R007,,,24
disagreement_prompt,1.5949,,0.9,1.5955,,R007,0.0006,0,exam
,,0.76,,1.1442,0.04,R008,,,1
,,0.84,,1.0993,0.04,R008,,,2
,,0.56,,1.071,0.08,R008,,,3
,,0.52,,1.057,0.08,R008,,,4
,,0.64,,1.0039,0.12,R008,,,5
,,0.48,,0.9518,0.08,R008,,,6
,,0.72,,0.8895,0.12,R008,,,7
,,0.72,,0.8565,0.08,R008,,,8
,,0.68,,0.8396,0.2,R008,,,9
,,0.72,,0.8291,0.04,R008,,,10
,,0.72,,0.7811,0.08,R008,,,11
,,0.88,,0.7396,0.0,R008,,,12
,,0.92,,0.6789,0.0,R008,,,13
,,0.76,,0.6529,0.08,R008,,,14
,,0.84,,0.6025,0.12,R008,,,15
,,0.92,,0.5969,0.0,R008,,,16
,,0.92,,0.5703,0.04,R008,,,17
,,0.96,,0.5304,0.04,R008,,,18
,,0.96,,0.4526,0.04,R008,,,19
,,0.92,,0.4472,0.08,R008,,,20
,,0.92,,0.4229,0.04,R008,,,21
,,0.88,,0.399,0.04,R008,,,22
,,0.88,,0.3817,0.08,R008,,,23
,,0.92,,0.281,0.08,R008,,,24
control_always_ai,1.2103,,0.6333,0.281,,R008,-0.9294,0,exam
,,0.4,,1.1245,1.0,R009,,,1
,,0.4,,1.1159,1.0,R009,,,2
,,0.4,,1.1495,1.0,R009,,,3
,,0.32,,1.1693,1.0,R009,,,4
,,0.36,,1.2106,1.0,R009,,,5
,,0.44,,1.1954,1.0,R009,,,6
,,0.2,,1.1721,1.0,R009,,,7
,,0.24,,1.2054,1.0,R009,,,8
,,0.32,,1.2222,1.0,R009,,,9
,,0.52,,1.2367,1.0,R009,,,10
,,0.44,,1.2282,1.0,R009,,,11
,,0.32,,1.2311,1.0,R009,,,12
,,0.48,,1.2615,1.0,R009,,,13
,,0.32,,1.2411,1.0,R009,,,14
,,0.44,,1.2793,1.0,R009,,,15
,,0.36,,1.2825,1.0,R009,,,16
,,0.44,,1.3189,1.0,R009,,,17
,,0.4,,1.3188,1.0,R009,,,18
,,0.4,,1.3036,1.0,R009,,,19
,,0.52,,1.3215,1.0,R009,,,20
,,0.64,,1.2469,1.0,R009,,,21
,,0.44,,1.2435,1.0,R009,,,22
,,0.64,,1.2294,1.0,R009,,,23
,,0.56,,1.2733,1.0,R009,,,24
blind_first,1.0903,,0.85,1.2733,,R009,0.183,0,exam
,,0.68,,0.6372,0.04,R010,,,1
,,0.68,,0.6507,0.2,R010,,,2
,,0.88,,0.6293,0.0,R010,,,3
,,0.8,,0.5676,0.2,R010,,,4
,,0.56,,0.5288,0.28,R010,,,5
,,0.84,,0.502,0.16,R010,,,6
,,0.88,,0.4665,0.12,R010,,,7
,,0.8,,0.3991,0.12,R010,,,8
,,0.76,,0.3522,0.2,R010,,,9
,,0.68,,0.3074,0.24,R010,,,10
,,0.84,,0.2542,0.16,R010,,,11
,,0.64,,0.2088,0.32,R010,,,12
,,0.68,,0.1759,0.24,R010,,,13
,,0.84,,0.1479,0.12,R010,,,14
,,0.76,,0.139,0.24,R010,,,15
,,0.72,,0.1158,0.28,R010,,,16
,,0.68,,0.0757,0.28,R010,,,17
,,0.76,,0.05,0.24,R010,,,18
,,0.96,,0.05,0.04,R010,,,19
,,0.72,,0.0615,0.24,R010,,,20
,,0.76,,0.05,0.2,R010,,,21
,,0.72,,0.05,0.28,R010,,,22
,,0.76,,0.05,0.2,R010,,,23
,,0.76,,0.05,0.2,R010,,,24
withheld_ai,0.6829,,0.5833,0.05,,R010,-0.6329,0,exam
,,0.16,,1.383,0.4,R011,,,1
,,0.2,,1.3768,0.72,R011,,,2
,,0.16,,1.3703,0.36,R011,,,3
,,0.4,,1.3696,0.48,R011,,,4
,,0.4,,1.3617,0.6,R011,,,5
,,0.44,,1.3477,0.44,R011,,,6
,,0.24,,1.3306,0.48,R011,,,7
,,0.36,,1.3199,0.52,R011,,,8
,,0.28,,1.3236,0.44,R011,,,9
,,0.24,,1.3132,0.48,R011,,,10
,,0.44,,1.3457,0.32,R011,,,11
,,0.32,,1.3436,0.56,R011,,,12
,,0.36,,1.3627,0.4,R011,,,13
,,0.48,,1.3272,0.2,R011,,,14
,,0.24,,1.3355,0.64,R011,,,15
,,0.52,,1.3453,0.28,R011,,,16
,,0.4,,1.3168,0.44,R011,,,17
,,0.24,,1.3214,0.52,R011,,,18
,,0.52,,1.3176,0.4,R011,,,19
,,0.4,,1.2761,0.44,R011,,,20
,,0.48,,1.2401,0.56,R011,,,21
,,0.52,,1.2325,0.48,R011,,,22
,,0.56,,1.2302,0.52,R011,,,23
,,0.52,,1.2517,0.48,R011,,,24
disagreement_prompt,1.4047,,0.9,1.2517,,R011,-0.153,0,exam
,,0.76,,1.4185,0.0,R012,,,1
,,0.56,,1.374,0.04,R012,,,2
,,0.72,,1.348,0.08,R012,,,3
,,0.64,,1.3416,0.04,R012,,,4
,,0.6,,1.3122,0.12,R012,,,5
,,0.8,,1.243,0.04,R012,,,6
,,0.64,,1.1871,0.04,R012,,,7
,,0.76,,1.1165,0.04,R012,,,8
,,0.72,,1.0759,0.2,R012,,,9
,,0.72,,1.0332,0.16,R012,,,10
,,0.84,,1.0043,0.08,R012,,,11
,,0.88,,0.9455,0.04,R012,,,12
,,0.8,,0.8901,0.08,R012,,,13
,,0.88,,0.8512,0.04,R012,,,14
,,0.64,,0.8233,0.24,R012,,,15
,,0.88,,0.8185,0.08,R012,,,16
,,0.8,,0.7629,0.04,R012,,,17
,,0.88,,0.7255,0.08,R012,,,18
,,0.92,,0.6829,0.04,R012,,,19
,,1.0,,0.6195,0.0,R012,,,20
,,0.96,,0.5552,0.04,R012,,,21
,,0.92,,0.4909,0.08,R012,,,22
,,0.88,,0.4441,0.12,R012,,,23
,,1.0,,0.394,0.0,R012,,,24
control_always_ai,1.4394,,0.6833,0.394,,R012,-1.0455,0,exam
,,0.48,,0.7404,1.0,R013,,,1
,,0.68,,0.7857,1.0,R013,,,2
,,0.44,,0.7905,1.0,R013,,,3
,,0.6,,0.8035,1.0,R013,,,4
,,0.72,,0.8019,1.0,R013,,,5
,,0.72,,0.7708,1.0,R013,,,6
,,0.44,,0.7692,1.0,R013,,,7
,,0.6,,0.7603,1.0,R013,,,8
,,0.56,,0.7367,1.0,R013,,,9
,,0.64,,0.7501,1.0,R013,,,10
,,0.68,,0.74,1.0,R013,,,11
,,0.8,,0.7548,1.0,R013,,,12
,,0.68,,0.7264,1.0,R013,,,13
,,0.72,,0.7071,1.0,R013,,,14
,,0.68,,0.7035,1.0,R013,,,15
,,0.84,,0.698,1.0,R013,,,16
,,0.8,,0.6698,1.0,R013,,,17
,,0.8,,0.682,1.0,R013,,,18
,,0.8,,0.67,1.0,R013,,,19
,,0.88,,0.6477,1.0,R013,,,20
,,0.68,,0.6257,1.0,R013,,,21
,,0.76,,0.5942,1.0,R013,,,22
,,0.76,,0.6142,1.0,R013,,,23
,,0.72,,0.6139,1.0,R013,,,24
blind_first,0.7328,,0.7,0.6139,,R013,-0.1189,0,exam
,,0.4,,1.302,0.04,R014,,,1
,,0.4,,1.3015,0.16,R014,,,2
,,0.48,,1.2637,0.2,R014,,,3
,,0.36,,1.2246,0.2,R014,,,4
,,0.4,,1.2177,0.16,R014,,,5
,,0.48,,1.2052,0.16,R014,,,6
,,0.44,,1.1764,0.16,R014,,,7
,,0.4,,1.1357,0.16,R014,,,8
,,0.52,,1.0731,0.04,R014,,,9
,,0.52,,1.0498,0.24,R014,,,10
,,0.56,,1.0466,0.2,R014,,,11
,,0.52,,1.0462,0.2,R014,,,12
,,0.4,,1.0096,0.32,R014,,,13
,,0.4,,0.9856,0.32,R014,,,14
,,0.68,,0.9589,0.24,R014,,,15
,,0.6,,0.9475,0.24,R014,,,16
,,0.56,,0.9331,0.16,R014,,,17
,,0.76,,0.8733,0.12,R014,,,18
,,0.76,,0.8328,0.16,R014,,,19
,,0.68,,0.7739,0.16,R014,,,20
,,0.68,,0.7322,0.24,R014,,,21
,,0.56,,0.7069,0.16,R014,,,22
,,0.72,,0.6803,0.12,R014,,,23
,,0.84,,0.6278,0.16,R014,,,24
withheld_ai,1.333,,0.7167,0.6278,,R014,-0.7052,0,exam
,,0.36,,1.2567,0.4,R015,,,1
,,0.52,,1.246,0.76,R015,,,2
,,0.32,,1.2532,0.52,R015,,,3
,,0.4,,1.2696,0.72,R015,,,4
,,0.28,,1.2884,0.72,R015,,,5
,,0.52,,1.2743,0.48,R015,,,6
,,0.36,,1.2682,0.68,R015,,,7
,,0.36,,1.2529,0.52,R015,,,8
,,0.28,,1.2596,0.48,R015,,,9
,,0.44,,1.2639,0.64,R015,,,10
,,0.56,,1.2538,0.4,R015,,,11
,,0.64,,1.2331,0.48,R015,,,12
,,0.48,,1.2046,0.52,R015,,,13
,,0.6,,1.1785,0.48,R015,,,14
,,0.68,,1.1951,0.48,R015,,,15
,,0.32,,1.1963,0.64,R015,,,16
,,0.72,,1.171,0.44,R015,,,17
,,0.68,,1.1875,0.48,R015,,,18
,,0.48,,1.1716,0.6,R015,,,19
,,0.52,,1.1685,0.4,R015,,,20
,,0.68,,1.1866,0.28,R015,,,21
,,0.68,,1.1805,0.6,R015,,,22
,,0.44,,1.2118,0.6,R015,,,23
,,0.56,,1.2021,0.48,R015,,,24
disagreement_prompt,1.2913,,0.8833,1.2021,,R015,-0.0893,0,exam
,,0.48,,1.7161,0.04,R016,,,1
,,0.64,,1.7281,0.0,R016,,,2
,,0.64,,1.6554,0.04,R016,,,3
,,0.64,,1.6607,0.08,R016,,,4
,,0.64,,1.64,0.04,R016,,,5
,,0.36,,1.6258,0.08,R016,,,6
,,0.6,,1.5844,0.0,R016,,,7
,,0.52,,1.5806,0.08,R016,,,8
,,0.68,,1.551,0.08,R016,,,9
,,0.64,,1.5336,0.16,R016,,,10
,,0.68,,1.4909,0.04,R016,,,11
,,0.64,,1.474,0.12,R016,,,12
,,0.8,,1.4014,0.08,R016,,,13
,,0.88,,1.3451,0.0,R016,,,14
,,0.76,,1.2867,0.04,R016,,,15
,,0.68,,1.2585,0.12,R016,,,16
,,0.8,,1.2327,0.08,R016,,,17
,,0.92,,1.1899,0.0,R016,,,18
,,0.8,,1.1628,0.04,R016,,,19
,,0.72,,1.1389,0.2,R016,,,20
,,0.88,,1.1118,0.08,R016,,,21
,,0.92,,1.0389,0.0,R016,,,22
,,0.88,,0.9994,0.08,R016,,,23
,,0.88,,0.9753,0.08,R016,,,24
control_always_ai,1.7738,,0.85,0.9753,,R016,-0.7986,0,exam
,,0.36,,1.2642,1.0,R017,,,1
,,0.56,,1.2666,1.0,R017,,,2
,,0.68,,1.2492,1.0,R017,,,3
,,0.56,,1.2584,1.0,R017,,,4
,,0.6,,1.2502,1.0,R017,,,5
,,0.6,,1.2595,1.0,R017,,,6
,,0.68,,1.2686,1.0,R017,,,7
,,0.64,,1.278,1.0,R017,,,8
,,0.52,,1.2883,1.0,R017,,,9
,,0.52,,1.2779,1.0,R017,,,10
,,0.44,,1.2681,1.0,R017,,,11
,,0.72,,1.2422,1.0,R017,,,12
,,0.76,,1.2126,1.0,R017,,,13
,,0.6,,1.2399,1.0,R017,,,14
,,0.68,,1.2399,1.0,R017,,,15
,,0.56,,1.2253,1.0,R017,,,16
,,0.52,,1.2166,1.0,R017,,,17
,,0.88,,1.1559,1.0,R017,,,18
,,0.88,,1.146,1.0,R017,,,19
,,0.72,,1.1843,1.0,R017,,,20
,,0.64,,1.171,1.0,R017,,,21
,,0.68,,1.1836,1.0,R017,,,22
,,0.68,,1.1621,1.0,R017,,,23
,,0.84,,1.1637,1.0,R017,,,24
blind_first,1.297,,0.7667,1.1637,,R017,-0.1334,0,exam
,,0.32,,0.6268,0.4,R018,,,1
,,0.6,,0.6213,0.12,R018,,,2
,,0.84,,0.5766,0.08,R018,,,3
,,0.64,,0.542,0.2,R018,,,4
,,0.6,,0.5227,0.12,R018,,,5
,,0.88,,0.485,0.04,R018,,,6
,,0.64,,0.4521,0.24,R018,,,7
,,0.6,,0.4168,0.16,R018,,,8
,,0.68,,0.3829,0.2,R018,,,9
,,0.68,,0.3737,0.08,R018,,,10
,,0.64,,0.3488,0.24,R018,,,11
,,0.6,,0.3159,0.16,R018,,,12
,,0.68,,0.2931,0.12,R018,,,13
,,0.72,,0.2685,0.24,R018,,,14
,,0.6,,0.2823,0.28,R018,,,15
,,0.76,,0.2397,0.08,R018,,,16
,,0.76,,0.2264,0.16,R018,,,17
,,0.72,,0.2337,0.24,R018,,,18
,,0.56,,0.2033,0.32,R018,,,19
,,0.8,,0.1702,0.12,R018,,,20
,,0.88,,0.1191,0.12,R018,,,21
,,0.8,,0.0834,0.2,R018,,,22
,,0.68,,0.0526,0.24,R018,,,23
,,0.8,,0.05,0.2,R018,,,24
withheld_ai,0.6318,,0.5833,0.05,,R018,-0.5818,0,exam
,,0.76,,1.0689,0.48,R019,,,1
,,0.64,,1.016,0.28,R019,,,2
,,0.6,,1.005,0.52,R019,,,3
,,0.68,,0.9966,0.6,R019,,,4
,,0.52,,1.0036,0.4,R019,,,5
,,0.68,,0.9669,0.56,R019,,,6
,,0.68,,0.9585,0.68,R019,,,7
,,0.52,,0.9661,0.48,R019,,,8
,,0.76,,0.9688,0.48,R019,,,9
,,0.76,,0.9845,0.36,R019,,,10
,,0.76,,1.0065,0.52,R019,,,11
,,0.72,,1.0162,0.48,R019,,,12
,,0.76,,1.0027,0.52,R019,,,13
,,0.68,,0.9901,0.36,R019,,,14
,,0.8,,0.9839,0.64,R019,,,15
,,0.84,,0.9543,0.56,R019,,,16
,,0.88,,0.9171,0.4,R019,,,17
,,0.88,,0.886,0.56,R019,,,18
,,0.8,,0.8779,0.56,R019,,,19
,,0.92,,0.8495,0.56,R019,,,20
,,0.84,,0.7939,0.4,R019,,,21
,,0.84,,0.75,0.6,R019,,,22
,,0.84,,0.7472,0.56,R019,,,23
,,1.0,,0.7429,0.52,R019,,,24
disagreement_prompt,1.1238,,0.75,0.7429,,R019,-0.381,0,exam
,,0.88,,1.2345,0.04,R020,,,1
,,0.64,,1.2184,0.12,R020,,,2
,,0.52,,1.1786,0.16,R020,,,3
,,0.92,,1.1182,0.0,R020,,,4
,,0.92,,1.0792,0.04,R020,,,5
,,0.88,,1.0283,0.04,R020,,,6
,,0.76,,1.0186,0.16,R020,,,7
,,0.84,,0.9863,0.04,R020,,,8
,,0.92,,0.9224,0.04,R020,,,9
,,0.96,,0.8966,0.04,R020,,,10
,,0.96,,0.8621,0.04,R020,,,11
,,0.92,,0.8417,0.08,R020,,,12
,,0.88,,0.8103,0.08,R020,,,13
,,0.96,,0.7792,0.04,R020,,,14
,,0.96,,0.7317,0.0,R020,,,15
,,0.92,,0.703,0.04,R020,,,16
,,0.84,,0.6639,0.16,R020,,,17
,,0.84,,0.6176,0.0,R020,,,18
,,0.88,,0.5714,0.04,R020,,,19
,,0.88,,0.5586,0.12,R020,,,20
,,1.0,,0.5,0.0,R020,,,21
,,0.92,,0.4169,0.04,R020,,,22
,,1.0,,0.3715,0.0,R020,,,23
,,0.92,,0.3522,0.04,R020,,,24
control_always_ai,1.2446,,0.5333,0.3522,,R020,-0.8924,0,exam
,,0.12,,1.284,1.0,R021,,,1
,,0.12,,1.3056,1.0,R021,,,2
,,0.08,,1.2835,1.0,R021,,,3
,,0.04,,1.3193,1.0,R021,,,4
,,0.16,,1.3387,1.0,R021,,,5
,,0.08,,1.3644,1.0,R021,,,6
,,0.08,,1.3874,1.0,R021,,,7
,,0.28,,1.3824,1.0,R021,,,8
,,0.32,,1.3889,1.0,R021,,,9
,,0.16,,1.4155,1.0,R021,,,10
,,0.04,,1.4522,1.0,R021,,,11
,,0.16,,1.4852,1.0,R021,,,12
,,0.28,,1.5282,1.0,R021,,,13
,,0.16,,1.5693,1.0,R021,,,14
,,0.12,,1.599,1.0,R021,,,15
,,0.12,,1.614,1.0,R021,,,16
,,0.28,,1.6354,1.0,R021,,,17
,,0.28,,1.6625,1.0,R021,,,18
,,0.24,,1.6485,1.0,R021,,,19
,,0.36,,1.6612,1.0,R021,,,20
,,0.2,,1.686,1.0,R021,,,21
,,0.36,,1.7141,1.0,R021,,,22
,,0.16,,1.771,1.0,R021,,,23
,,0.2,,1.7903,1.0,R021,,,24
blind_first,1.2718,,0.95,1.7903,,R021,0.5185,0,exam
,,0.48,,1.4099,0.2,R022,,,1
,,0.52,,1.378,0.2,R022,,,2
,,0.56,,1.3776,0.12,R022,,,3
,,0.6,,1.3202,0.2,R022,,,4
,,0.6,,1.2893,0.16,R022,,,5
,,0.32,,1.2926,0.2,R022,,,6
,,0.64,,1.2631,0.08,R022,,,7
,,0.52,,1.2434,0.28,R022,,,8
,,0.64,,1.2151,0.12,R022,,,9
,,0.6,,1.1711,0.08,R022,,,10
,,0.48,,1.1603,0.2,R022,,,11
,,0.56,,1.1544,0.2,R022,,,12
,,0.48,,1.1554,0.28,R022,,,13
,,0.52,,1.1288,0.2,R022,,,14
,,0.6,,1.1096,0.2,R022,,,15
,,0.76,,1.0766,0.12,R022,,,16
,,0.6,,1.0853,0.28,R022,,,17
,,0.64,,1.0184,0.2,R022,,,18
,,0.68,,0.9753,0.16,R022,,,19
,,0.68,,0.9214,0.28,R022,,,20
,,0.72,,0.8647,0.2,R022,,,21
,,0.56,,0.8315,0.36,R022,,,22
,,0.72,,0.7591,0.28,R022,,,23
,,0.8,,0.7257,0.2,R022,,,24
withheld_ai,1.4351,,0.7167,0.7257,,R022,-0.7095,0,exam
,,0.52,,1.2354,0.48,R023,,,1
,,0.44,,1.2182,0.52,R023,,,2
,,0.56,,1.1909,0.48,R023,,,3
,,0.48,,1.1755,0.52,R023,,,4
,,0.6,,1.1814,0.6,R023,,,5
,,0.84,,1.1762,0.56,R023,,,6
,,0.72,,1.1837,0.56,R023,,,7
,,0.52,,1.1805,0.6,R023,,,8
,,0.64,,1.1764,0.4,R023,,,9
,,0.72,,1.195,0.6,R023,,,10
,,0.72,,1.2055,0.44,R023,,,11
,,0.68,,1.1962,0.52,R023,,,12
,,0.44,,1.1764,0.6,R023,,,13
,,0.68,,1.1474,0.48,R023,,,14
,,0.72,,1.1426,0.52,R023,,,15
,,0.72,,1.0931,0.44,R023,,,16
,,0.68,,1.053,0.48,R023,,,17
,,0.84,,1.012,0.36,R023,,,18
,,0.68,,0.9935,0.68,R023,,,19
,,0.76,,0.9422,0.48,R023,,,20
,,0.72,,0.9522,0.36,R023,,,21
,,0.88,,0.9456,0.36,R023,,,22
,,0.84,,0.9211,0.64,R023,,,23
,,0.76,,0.896,0.48,R023,,,24
disagreement_prompt,1.2467,,0.7333,0.896,,R023,-0.3507,0,exam
,,0.8,,0.524,0.04,R024,,,1
,,0.76,,0.4871,0.0,R024,,,2
,,0.76,,0.4477,0.04,R024,,,3
,,0.56,,0.4159,0.08,R024,,,4
,,0.76,,0.3761,0.16,R024,,,5
,,0.76,,0.3626,0.04,R024,,,6
,,0.88,,0.319,0.08,R024,,,7
,,0.72,,0.2792,0.16,R024,,,8
,,0.84,,0.2358,0.08,R024,,,9
,,0.92,,0.1518,0.0,R024,,,10
,,0.96,,0.0832,0.0,R024,,,11
,,0.88,,0.0601,0.0,R024,,,12
,,0.92,,0.05,0.04,R024,,,13
,,0.84,,0.05,0.16,R024,,,14
,,1.0,,0.05,0.0,R024,,,15
,,0.92,,0.05,0.04,R024,,,16
,,0.88,,0.05,0.12,R024,,,17
,,0.84,,0.05,0.16,R024,,,18
,,0.88,,0.05,0.08,R024,,,19
,,0.92,,0.05,0.0,R024,,,20
,,0.88,,0.0546,0.04,R024,,,21
,,0.96,,0.05,0.0,R024,,,22
,,0.88,,0.05,0.08,R024,,,23
,,0.96,,0.05,0.04,R024,,,24
control_always_ai,0.5633,,0.5667,0.05,,R024,-0.5133,0,exam
,,0.08,,1.6245,1.0,R025,,,1
,,0.16,,1.6426,1.0,R025,,,2
,,0.32,,1.6439,1.0,R025,,,3
,,0.24,,1.6794,1.0,R025,,,4
,,0.24,,1.6739,1.0,R025,,,5
,,0.28,,1.665,1.0,R025,,,6
,,0.08,,1.71,1.0,R025,,,7
,,0.32,,1.7316,1.0,R025,,,8
,,0.48,,1.7342,1.0,R025,,,9
,,0.44,,1.7216,1.0,R025,,,10
,,0.28,,1.7417,1.0,R025,,,11
,,0.28,,1.741,1.0,R025,,,12
,,0.28,,1.7715,1.0,R025,,,13
,,0.2,,1.7995,1.0,R025,,,14
,,0.4,,1.8074,1.0,R025,,,15
,,0.12,,1.8276,1.0,R025,,,16
,,0.24,,1.8747,1.0,R025,,,17
,,0.28,,1.9214,1.0,R025,,,18
,,0.32,,1.9264,1.0,R025,,,19
,,0.28,,1.9082,1.0,R025,,,20
,,0.44,,1.9127,1.0,R025,,,21
,,0.4,,1.9216,1.0,R025,,,22
,,0.24,,1.9538,1.0,R025,,,23
,,0.36,,1.9357,1.0,R025,,,24
blind_first,1.614,,0.9167,1.9357,,R025,0.3217,0,exam
,,0.48,,1.4408,0.12,R026,,,1
,,0.4,,1.4284,0.12,R026,,,2
,,0.44,,1.4074,0.16,R026,,,3
,,0.52,,1.3542,0.04,R026,,,4
,,0.48,,1.3311,0.2,R026,,,5
,,0.56,,1.3194,0.2,R026,,,6
,,0.52,,1.2864,0.12,R026,,,7
,,0.56,,1.2449,0.12,R026,,,8
,,0.36,,1.2751,0.16,R026,,,9
,,0.4,,1.2794,0.24,R026,,,10
,,0.6,,1.2518,0.12,R026,,,11
,,0.44,,1.2396,0.12,R026,,,12
,,0.36,,1.2186,0.12,R026,,,13
,,0.48,,1.1734,0.2,R026,,,14
,,0.72,,1.1282,0.12,R026,,,15
,,0.68,,1.0773,0.2,R026,,,16
,,0.84,,1.0543,0.08,R026,,,17
,,0.52,,1.0215,0.24,R026,,,18
,,0.52,,0.9795,0.28,R026,,,19
,,0.6,,0.9175,0.24,R026,,,20
,,0.52,,0.9022,0.32,R026,,,21
,,0.56,,0.8866,0.24,R026,,,22
,,0.76,,0.8575,0.12,R026,,,23
,,0.68,,0.83,0.24,R026,,,24
withheld_ai,1.4638,,0.8,0.83,,R026,-0.6338,0,exam
,,0.16,,0.7995,0.44,R027,,,1
,,0.04,,0.812,0.52,R027,,,2
,,0.08,,0.8415,0.36,R027,,,3
,,0.16,,0.833,0.6,R027,,,4
,,0.2,,0.8371,0.52,R027,,,5
,,0.08,,0.871,0.52,R027,,,6
,,0.16,,0.8733,0.44,R027,,,7
,,0.08,,0.8975,0.4,R027,,,8
,,0.04,,0.8905,0.76,R027,,,9
,,0.12,,0.9118,0.48,R027,,,10
,,0.04,,0.9537,0.48,R027,,,11
,,0.08,,0.981,0.48,R027,,,12
,,0.16,,1.0016,0.36,R027,,,13
,,0.08,,0.9886,0.48,R027,,,14
,,0.08,,1.0159,0.52,R027,,,15
,,0.12,,1.0096,0.48,R027,,,16
,,0.04,,1.0353,0.56,R027,,,17
,,0.16,,1.0203,0.44,R027,,,18
,,0.12,,1.0316,0.4,R027,,,19
,,0.08,,1.0351,0.4,R027,,,20
,,0.24,,1.0662,0.48,R027,,,21
,,0.04,,1.0973,0.36,R027,,,22
,,0.2,,1.1082,0.56,R027,,,23
,,0.08,,1.1654,0.6,R027,,,24
disagreement_prompt,0.793,,0.7833,1.1654,,R027,0.3724,1,exam
,,0.8,,1.0391,0.04,R028,,,1
,,0.88,,1.0025,0.0,R028,,,2
,,0.84,,0.982,0.08,R028,,,3
,,0.88,,0.9502,0.0,R028,,,4
,,0.72,,0.9117,0.16,R028,,,5
,,0.8,,0.8475,0.12,R028,,,6
,,0.88,,0.8211,0.08,R028,,,7
,,0.92,,0.8235,0.08,R028,,,8
,,0.84,,0.8307,0.12,R028,,,9
,,0.96,,0.7943,0.04,R028,,,10
,,1.0,,0.7415,0.0,R028,,,11
,,0.96,,0.6814,0.0,R028,,,12
,,0.92,,0.6729,0.04,R028,,,13
,,0.96,,0.596,0.04,R028,,,14
,,0.88,,0.5862,0.12,R028,,,15
,,0.88,,0.5406,0.08,R028,,,16
,,0.84,,0.4916,0.12,R028,,,17
,,0.96,,0.4813,0.04,R028,,,18
,,0.92,,0.4153,0.04,R028,,,19
,,0.8,,0.37,0.16,R028,,,20
,,0.84,,0.3553,0.16,R028,,,21
,,0.92,,0.3061,0.08,R028,,,22
,,0.96,,0.2631,0.04,R028,,,23
,,0.92,,0.233,0.04,R028,,,24
control_always_ai,1.0787,,0.5333,0.233,,R028,-0.8457,0,exam
,,0.0,,1.2134,1.0,R029,,,1
,,0.0,,1.2353,1.0,R029,,,2
,,0.0,,1.2353,1.0,R029,,,3
,,0.04,,1.2369,1.0,R029,,,4
,,0.0,,1.2244,1.0,R029,,,5
,,0.0,,1.258,1.0,R029,,,6
,,0.0,,1.2509,1.0,R029,,,7
,,0.0,,1.2634,1.0,R029,,,8
,,0.0,,1.2658,1.0,R029,,,9
,,0.0,,1.3135,1.0,R029,,,10
,,0.04,,1.3038,1.0,R029,,,11
,,0.0,,1.3377,1.0,R029,,,12
,,0.0,,1.4222,1.0,R029,,,13
,,0.04,,1.4445,1.0,R029,,,14
,,0.0,,1.4817,1.0,R029,,,15
,,0.0,,1.5071,1.0,R029,,,16
,,0.0,,1.5136,1.0,R029,,,17
,,0.0,,1.521,1.0,R029,,,18
,,0.0,,1.5441,1.0,R029,,,19
,,0.04,,1.5343,1.0,R029,,,20
,,0.0,,1.528,1.0,R029,,,21
,,0.0,,1.5581,1.0,R029,,,22
,,0.0,,1.5724,1.0,R029,,,23
,,0.04,,1.6262,1.0,R029,,,24
blind_first,1.1801,,0.85,1.6262,,R029,0.4461,1,exam
,,0.48,,0.7691,0.12,R030,,,1
,,0.48,,0.7432,0.28,R030,,,2
,,0.4,,0.7239,0.24,R030,,,3
,,0.4,,0.6803,0.28,R030,,,4
,,0.4,,0.6844,0.32,R030,,,5
,,0.4,,0.6661,0.08,R030,,,6
,,0.68,,0.632,0.16,R030,,,7
,,0.52,,0.6186,0.28,R030,,,8
,,0.6,,0.6015,0.08,R030,,,9
,,0.56,,0.5705,0.24,R030,,,10
,,0.52,,0.5442,0.36,R030,,,11
,,0.56,,0.4971,0.16,R030,,,12
,,0.6,,0.4764,0.36,R030,,,13
,,0.72,,0.4516,0.24,R030,,,14
,,0.76,,0.4119,0.08,R030,,,15
,,0.64,,0.3801,0.16,R030,,,16
,,0.72,,0.3483,0.16,R030,,,17
,,0.76,,0.2882,0.16,R030,,,18
,,0.68,,0.239,0.2,R030,,,19
,,0.68,,0.2063,0.28,R030,,,20
,,0.88,,0.2067,0.08,R030,,,21
,,0.84,,0.1486,0.12,R030,,,22
,,0.88,,0.1138,0.08,R030,,,23
,,0.64,,0.0943,0.36,R030,,,24
withheld_ai,0.8353,,0.5167,0.0943,,R030,-0.7411,0,exam
,,0.24,,0.9573,0.64,R031,,,1
,,0.2,,0.9853,0.32,R031,,,2
,,0.24,,0.9792,0.52,R031,,,3
,,0.4,,0.9832,0.28,R031,,,4
,,0.48,,0.9615,0.44,R031,,,5
,,0.12,,0.9557,0.48,R031,,,6
,,0.28,,0.9643,0.4,R031,,,7
,,0.24,,0.9745,0.6,R031,,,8
,,0.48,,0.9572,0.52,R031,,,9
,,0.4,,0.9193,0.6,R031,,,10
,,0.4,,0.9131,0.52,R031,,,11
,,0.36,,0.9018,0.4,R031,,,12
,,0.52,,0.9209,0.56,R031,,,13
,,0.6,,0.915,0.56,R031,,,14
,,0.4,,0.9047,0.44,R031,,,15
,,0.44,,0.9257,0.4,R031,,,16
,,0.44,,0.9371,0.56,R031,,,17
,,0.28,,0.9343,0.56,R031,,,18
,,0.32,,0.9333,0.52,R031,,,19
,,0.4,,0.9107,0.44,R031,,,20
,,0.28,,0.8842,0.64,R031,,,21
,,0.28,,0.8505,0.32,R031,,,22
,,0.56,,0.8543,0.52,R031,,,23
,,0.56,,0.7817,0.28,R031,,,24
disagreement_prompt,0.9393,,0.8,0.7817,,R031,-0.1575,0,exam
,,0.68,,0.4018,0.0,R032,,,1
,,0.68,,0.3705,0.04,R032,,,2
,,0.56,,0.356,0.08,R032,,,3
,,0.6,,0.2997,0.12,R032,,,4
,,0.64,,0.2987,0.04,R032,,,5
,,0.84,,0.2444,0.04,R032,,,6
,,0.72,,0.2215,0.08,R032,,,7
,,0.68,,0.1858,0.08,R032,,,8
,,0.88,,0.1103,0.04,R032,,,9
,,0.84,,0.0729,0.12,R032,,,10
,,0.96,,0.05,0.04,R032,,,11
,,0.88,,0.05,0.08,R032,,,12
,,0.84,,0.05,0.12,R032,,,13
,,0.72,,0.05,0.04,R032,,,14
,,0.88,,0.05,0.08,R032,,,15
,,0.88,,0.05,0.04,R032,,,16
,,0.88,,0.05,0.08,R032,,,17
,,0.92,,0.05,0.04,R032,,,18
,,0.84,,0.05,0.08,R032,,,19
,,0.88,,0.05,0.04,R032,,,20
,,0.92,,0.05,0.08,R032,,,21
,,0.96,,0.05,0.04,R032,,,22
,,0.84,,0.05,0.12,R032,,,23
,,0.92,,0.05,0.0,R032,,,24
control_always_ai,0.4277,,0.5,0.05,,R032,-0.3777,0,exam
,,0.2,,1.0185,1.0,R033,,,1
,,0.4,,1.017,1.0,R033,,,2
,,0.2,,1.0757,1.0,R033,,,3
,,0.36,,1.0332,1.0,R033,,,4
,,0.32,,1.0504,1.0,R033,,,5
,,0.08,,1.0588,1.0,R033,,,6
,,0.24,,1.079,1.0,R033,,,7
,,0.24,,1.1107,1.0,R033,,,8
,,0.36,,1.107,1.0,R033,,,9
,,0.28,,1.126,1.0,R033,,,10
,,0.24,,1.1644,1.0,R033,,,11
,,0.32,,1.1962,1.0,R033,,,12
,,0.36,,1.1979,1.0,R033,,,13
,,0.32,,1.2257,1.0,R033,,,14
,,0.24,,1.2492,1.0,R033,,,15
,,0.36,,1.2897,1.0,R033,,,16
,,0.32,,1.3165,1.0,R033,,,17
,,0.52,,1.2809,1.0,R033,,,18
,,0.24,,1.289,1.0,R033,,,19
,,0.4,,1.2912,1.0,R033,,,20
,,0.16,,1.2998,1.0,R033,,,21
,,0.4,,1.2963,1.0,R033,,,22
,,0.28,,1.3153,1.0,R033,,,23
,,0.52,,1.3399,1.0,R033,,,24
blind_first,0.9939,,0.9,1.3399,,R033,0.346,0,exam
,,0.04,,0.5466,0.2,R034,,,1
,,0.0,,0.5487,0.32,R034,,,2
,,0.08,,0.5602,0.16,R034,,,3
,,0.0,,0.5337,0.2,R034,,,4
,,0.04,,0.5213,0.2,R034,,,5
,,0.08,,0.4976,0.08,R034,,,6
,,0.12,,0.468,0.28,R034,,,7
,,0.12,,0.4391,0.16,R034,,,8
,,0.0,,0.441,0.12,R034,,,9
,,0.08,,0.4451,0.16,R034,,,10
,,0.16,,0.4518,0.12,R034,,,11
,,0.12,,0.4553,0.16,R034,,,12
,,0.16,,0.424,0.12,R034,,,13
,,0.08,,0.4423,0.04,R034,,,14
,,0.04,,0.4442,0.32,R034,,,15
,,0.24,,0.4345,0.12,R034,,,16
,,0.24,,0.4564,0.2,R034,,,17
,,0.04,,0.434,0.2,R034,,,18
,,0.2,,0.4412,0.2,R034,,,19
,,0.28,,0.429,0.12,R034,,,20
,,0.16,,0.4351,0.24,R034,,,21
,,0.16,,0.4401,0.08,R034,,,22
,,0.16,,0.435,0.24,R034,,,23
,,0.12,,0.4432,0.24,R034,,,24
withheld_ai,0.5375,,0.6833,0.4432,,R034,-0.0942,1,exam
,,0.32,,1.2401,0.44,R035,,,1
,,0.28,,1.2217,0.44,R035,,,2
,,0.28,,1.1886,0.48,R035,,,3
,,0.4,,1.1577,0.56,R035,,,4
,,0.4,,1.1363,0.48,R035,,,5
,,0.32,,1.1304,0.48,R035,,,6
,,0.4,,1.126,0.44,R035,,,7
,,0.64,,1.1211,0.64,R035,,,8
,,0.52,,1.1022,0.52,R035,,,9
,,0.44,,1.0756,0.4,R035,,,10
,,0.4,,1.0719,0.56,R035,,,11
,,0.44,,1.112,0.36,R035,,,12
,,0.6,,1.0889,0.44,R035,,,13
,,0.44,,1.0478,0.44,R035,,,14
,,0.56,,1.0302,0.8,R035,,,15
,,0.52,,0.998,0.36,R035,,,16
,,0.48,,1.0173,0.56,R035,,,17
,,0.56,,1.0309,0.6,R035,,,18
,,0.52,,1.0205,0.4,R035,,,19
,,0.44,,0.9878,0.68,R035,,,20
,,0.4,,0.9923,0.52,R035,,,21
,,0.4,,0.9558,0.32,R035,,,22
,,0.56,,0.9376,0.6,R035,,,23
,,0.76,,0.9139,0.56,R035,,,24
disagreement_prompt,1.2162,,0.7667,0.9139,,R035,-0.3023,0,exam
,,0.84,,0.922,0.04,R036,,,1
,,0.72,,0.8725,0.0,R036,,,2
,,0.68,,0.8326,0.04,R036,,,3
,,0.68,,0.8189,0.08,R036,,,4
,,0.6,,0.7842,0.12,R036,,,5
,,0.84,,0.7502,0.0,R036,,,6
,,0.8,,0.6905,0.16,R036,,,7
,,0.72,,0.6651,0.12,R036,,,8
,,0.76,,0.6177,0.08,R036,,,9
,,0.84,,0.5728,0.04,R036,,,10
,,0.88,,0.5395,0.04,R036,,,11
,,0.88,,0.484,0.04,R036,,,12
,,0.88,,0.4243,0.12,R036,,,13
,,0.84,,0.3946,0.04,R036,,,14
,,0.96,,0.3639,0.0,R036,,,15
,,0.92,,0.3108,0.04,R036,,,16
,,0.84,,0.2851,0.08,R036,,,17
,,0.84,,0.2229,0.08,R036,,,18
,,0.84,,0.1719,0.08,R036,,,19
,,0.72,,0.1207,0.2,R036,,,20
,,0.84,,0.0793,0.12,R036,,,21
,,0.84,,0.05,0.12,R036,,,22
,,0.84,,0.05,0.16,R036,,,23
,,0.88,,0.05,0.04,R036,,,24
control_always_ai,0.9793,,0.4667,0.05,,R036,-0.9293,0,exam
,,0.64,,0.2488,1.0,R037,,,1
,,0.72,,0.2287,1.0,R037,,,2
,,0.76,,0.1877,1.0,R037,,,3
,,0.68,,0.1771,1.0,R037,,,4
,,0.88,,0.1669,1.0,R037,,,5
,,0.64,,0.1553,1.0,R037,,,6
,,0.92,,0.1461,1.0,R037,,,7
,,0.64,,0.1346,1.0,R037,,,8
,,0.88,,0.0698,1.0,R037,,,9
,,0.76,,0.0814,1.0,R037,,,10
,,0.68,,0.1094,1.0,R037,,,11
,,0.92,,0.0558,1.0,R037,,,12
,,0.88,,0.0691,1.0,R037,,,13
,,0.92,,0.0519,1.0,R037,,,14
,,0.84,,0.05,1.0,R037,,,15
,,0.96,,0.0532,1.0,R037,,,16
,,0.92,,0.05,1.0,R037,,,17
,,1.0,,0.05,1.0,R037,,,18
,,0.92,,0.0513,1.0,R037,,,19
,,0.88,,0.05,1.0,R037,,,20
,,0.96,,0.0586,1.0,R037,,,21
,,0.88,,0.0514,1.0,R037,,,22
,,0.88,,0.05,1.0,R037,,,23
,,0.84,,0.05,1.0,R037,,,24
blind_first,0.274,,0.5333,0.05,,R037,-0.224,0,exam
,,0.48,,1.6399,0.36,R038,,,1
,,0.6,,1.5894,0.04,R038,,,2
,,0.56,,1.5554,0.2,R038,,,3
,,0.48,,1.5423,0.04,R038,,,4
,,0.72,,1.4898,0.12,R038,,,5
,,0.64,,1.4786,0.12,R038,,,6
,,0.68,,1.4829,0.12,R038,,,7
,,0.56,,1.4547,0.2,R038,,,8
,,0.48,,1.4564,0.12,R038,,,9
,,0.56,,1.4392,0.28,R038,,,10
,,0.52,,1.4164,0.28,R038,,,11
,,0.76,,1.4083,0.12,R038,,,12
,,0.56,,1.3874,0.28,R038,,,13
,,0.6,,1.3467,0.28,R038,,,14
,,0.76,,1.2978,0.16,R038,,,15
,,0.8,,1.2521,0.16,R038,,,16
,,0.68,,1.2555,0.2,R038,,,17
,,0.72,,1.2375,0.08,R038,,,18
,,0.76,,1.2117,0.16,R038,,,19
,,0.76,,1.1647,0.2,R038,,,20
,,0.8,,1.1275,0.16,R038,,,21
,,0.84,,1.0779,0.16,R038,,,22
,,0.88,,1.0676,0.08,R038,,,23
,,0.84,,1.0475,0.16,R038,,,24
withheld_ai,1.619,,0.8333,1.0475,,R038,-0.5715,0,exam
,,0.76,,1.2038,0.44,R039,,,1
,,0.6,,1.1823,0.44,R039,,,2
,,0.88,,1.1554,0.56,R039,,,3
,,0.8,,1.1261,0.4,R039,,,4
,,0.8,,1.1325,0.4,R039,,,5
,,0.72,,1.1083,0.64,R039,,,6
,,0.88,,1.0927,0.32,R039,,,7
,,0.88,,1.0494,0.32,R039,,,8
,,0.88,,1.0323,0.48,R039,,,9
,,0.84,,1.0216,0.4,R039,,,10
,,0.96,,0.9874,0.44,R039,,,11
,,0.84,,0.9619,0.36,R039,,,12
,,0.92,,0.8948,0.44,R039,,,13
,,0.68,,0.8944,0.6,R039,,,14
,,0.88,,0.8645,0.4,R039,,,15
,,0.96,,0.8148,0.48,R039,,,16
,,0.92,,0.7645,0.48,R039,,,17
,,0.92,,0.7043,0.32,R039,,,18
,,0.92,,0.7007,0.4,R039,,,19
,,1.0,,0.6716,0.44,R039,,,20
,,0.96,,0.585,0.56,R039,,,21
,,0.96,,0.542,0.44,R039,,,22
,,0.96,,0.4931,0.36,R039,,,23
,,0.96,,0.4691,0.4,R039,,,24
disagreement_prompt,1.227,,0.6333,0.4691,,R039,-0.7579,0,exam
,,0.44,,0.6935,0.12,R040,,,1
,,0.56,,0.6869,0.0,R040,,,2
,,0.56,,0.6851,0.12,R040,,,3
,,0.56,,0.6303,0.0,R040,,,4
,,0.44,,0.6141,0.12,R040,,,5
,,0.56,,0.5725,0.0,R040,,,6
,,0.44,,0.5585,0.04,R040,,,7
,,0.52,,0.523,0.08,R040,,,8
,,0.6,,0.4623,0.04,R040,,,9
,,0.64,,0.3924,0.12,R040,,,10
,,0.64,,0.3816,0.08,R040,,,11
,,0.8,,0.3716,0.04,R040,,,12
,,0.6,,0.3712,0.04,R040,,,13
,,0.64,,0.3297,0.08,R040,,,14
,,0.68,,0.2676,0.04,R040,,,15
,,0.68,,0.2575,0.16,R040,,,16
,,0.8,,0.2115,0.12,R040,,,17
,,0.64,,0.158,0.04,R040,,,18
,,0.84,,0.1312,0.0,R040,,,19
,,0.92,,0.088,0.04,R040,,,20
,,0.68,,0.1058,0.12,R040,,,21
,,0.84,,0.0518,0.0,R040,,,22
,,0.8,,0.05,0.04,R040,,,23
,,0.92,,0.05,0.04,R040,,,24
control_always_ai,0.7111,,0.5333,0.05,,R040,-0.6611,0,exam
,,0.0,,1.5427,1.0,R041,,,1
,,0.0,,1.5595,1.0,R041,,,2
,,0.0,,1.6081,1.0,R041,,,3
,,0.0,,1.6585,1.0,R041,,,4
,,0.0,,1.6931,1.0,R041,,,5
,,0.0,,1.719,1.0,R041,,,6
,,0.0,,1.7166,1.0,R041,,,7
,,0.0,,1.7362,1.0,R041,,,8
,,0.0,,1.77,1.0,R041,,,9
,,0.0,,1.8026,1.0,R041,,,10
,,0.0,,1.8198,1.0,R041,,,11
,,0.0,,1.8589,1.0,R041,,,12
,,0.0,,1.885,1.0,R041,,,13
,,0.0,,1.9215,1.0,R041,,,14
,,0.0,,1.9534,1.0,R041,,,15
,,0.08,,2.0007,1.0,R041,,,16
,,0.04,,2.0444,1.0,R041,,,17
,,0.0,,2.1081,1.0,R041,,,18
,,0.0,,2.1327,1.0,R041,,,19
,,0.0,,2.1877,1.0,R041,,,20
,,0.0,,2.2019,1.0,R041,,,21
,,0.0,,2.2021,1.0,R041,,,22
,,0.0,,2.2515,1.0,R041,,,23
,,0.0,,2.3003,1.0,R041,,,24
blind_first,1.4961,,0.9667,2.3003,,R041,0.8042,1,exam
,,0.32,,1.2872,0.16,R042,,,1
,,0.32,,1.2683,0.08,R042,,,2
,,0.52,,1.269,0.12,R042,,,3
,,0.36,,1.2536,0.12,R042,,,4
,,0.28,,1.2408,0.2,R042,,,5
,,0.32,,1.2326,0.2,R042,,,6
,,0.4,,1.1937,0.2,R042,,,7
,,0.32,,1.2047,0.16,R042,,,8
,,0.28,,1.1885,0.16,R042,,,9
,,0.44,,1.1504,0.24,R042,,,10
,,0.4,,1.1539,0.2,R042,,,11
,,0.48,,1.1224,0.08,R042,,,12
,,0.44,,1.063,0.12,R042,,,13
,,0.48,,1.0234,0.12,R042,,,14
,,0.48,,0.992,0.24,R042,,,15
,,0.56,,0.9924,0.16,R042,,,16
,,0.36,,0.9757,0.2,R042,,,17
,,0.28,,0.9591,0.12,R042,,,18
,,0.6,,0.9179,0.16,R042,,,19
,,0.52,,0.8671,0.12,R042,,,20
,,0.56,,0.8524,0.24,R042,,,21
,,0.6,,0.8145,0.12,R042,,,22
,,0.6,,0.7784,0.12,R042,,,23
,,0.4,,0.7544,0.28,R042,,,24
withheld_ai,1.2985,,0.8167,0.7544,,R042,-0.5441,0,exam
,,0.0,,1.8374,0.44,R043,,,1
,,0.0,,1.8766,0.64,R043,,,2
,,0.0,,1.8582,0.56,R043,,,3
,,0.0,,1.8744,0.56,R043,,,4
,,0.0,,1.9112,0.56,R043,,,5
,,0.0,,1.9107,0.52,R043,,,6
,,0.04,,1.9368,0.4,R043,,,7
,,0.0,,1.973,0.4,R043,,,8
,,0.0,,1.9892,0.44,R043,,,9
,,0.0,,2.0167,0.48,R043,,,10
,,0.0,,1.9988,0.52,R043,,,11
,,0.04,,2.0159,0.52,R043,,,12
,,0.0,,2.0225,0.32,R043,,,13
,,0.0,,2.0523,0.6,R043,,,14
,,0.0,,2.0558,0.6,R043,,,15
,,0.0,,2.0334,0.48,R043,,,16
,,0.0,,2.0448,0.4,R043,,,17
,,0.04,,2.037,0.44,R043,,,18
,,0.04,,2.0575,0.56,R043,,,19
,,0.04,,2.0724,0.56,R043,,,20
,,0.04,,2.0694,0.32,R043,,,21
,,0.04,,2.0842,0.32,R043,,,22
,,0.08,,2.0795,0.56,R043,,,23
,,0.08,,2.1303,0.44,R043,,,24
disagreement_prompt,1.8129,,0.9833,2.1303,,R043,0.3174,1,exam
,,0.32,,0.8418,0.04,C000,,,1
,,0.12,,0.8546,0.12,C000,,,2
,,0.16,,0.8455,0.04,C000,,,3
,,0.08,,0.8555,0.0,C000,,,4
,,0.16,,0.8325,0.0,C000,,,5
,,0.08,,0.8435,0.12,C000,,,6
,,0.0,,0.8511,0.04,C000,,,7
,,0.04,,0.8592,0.08,C000,,,8
,,0.24,,0.8495,0.12,C000,,,9
,,0.16,,0.8429,0.04,C000,,,10
,,0.16,,0.8166,0.08,C000,,,11
,,0.16,,0.8056,0.0,C000,,,12
,,0.16,,0.821,0.0,C000,,,13
,,0.16,,0.7988,0.08,C000,,,14
,,0.28,,0.8401,0.0,C000,,,15
,,0.12,,0.8312,0.08,C000,,,16
,,0.08,,0.8018,0.08,C000,,,17
,,0.24,,0.7746,0.04,C000,,,18
,,0.12,,0.7864,0.16,C000,,,19
,,0.24,,0.8102,0.12,C000,,,20
,,0.2,,0.7968,0.0,C000,,,21
,,0.12,,0.7657,0.0,C000,,,22
,,0.2,,0.771,0.16,C000,,,23
,,0.12,,0.7881,0.04,C000,,,24
control_always_ai,0.8625,,0.7833,0.7881,,C000,-0.0745,1,exam
,,0.56,,0.4041,1.0,C001,,,1
,,0.44,,0.4,1.0,C001,,,2
,,0.84,,0.3505,1.0,C001,,,3
,,0.84,,0.3619,1.0,C001,,,4
,,0.64,,0.356,1.0,C001,,,5
,,0.64,,0.3551,1.0,C001,,,6
,,0.4,,0.3775,1.0,C001,,,7
,,0.8,,0.3452,1.0,C001,,,8
,,0.76,,0.331,1.0,C001,,,9
,,0.72,,0.341,1.0,C001,,,10
,,0.76,,0.3246,1.0,C001,,,11
,,0.8,,0.2904,1.0,C001,,,12
,,0.8,,0.3276,1.0,C001,,,13
,,0.84,,0.314,1.0,C001,,,14
,,0.76,,0.3098,1.0,C001,,,15
,,0.72,,0.3298,1.0,C001,,,16
,,0.6,,0.3073,1.0,C001,,,17
,,0.72,,0.3396,1.0,C001,,,18
,,0.68,,0.3095,1.0,C001,,,19
,,0.68,,0.2781,1.0,C001,,,20
,,0.8,,0.2646,1.0,C001,,,21
,,0.84,,0.2674,1.0,C001,,,22
,,0.84,,0.2563,1.0,C001,,,23
,,0.92,,0.2243,1.0,C001,,,24
blind_first,0.4122,,0.65,0.2243,,C001,-0.188,0,exam
,,0.44,,1.4769,0.12,C002,,,1
,,0.44,,1.4518,0.24,C002,,,2
,,0.44,,1.445,0.16,C002,,,3
,,0.4,,1.4475,0.2,C002,,,4
,,0.4,,1.4106,0.24,C002,,,5
,,0.28,,1.3852,0.28,C002,,,6
,,0.44,,1.3585,0.2,C002,,,7
,,0.56,,1.3398,0.16,C002,,,8
,,0.56,,1.2957,0.16,C002,,,9
,,0.32,,1.2717,0.16,C002,,,10
,,0.64,,1.2398,0.24,C002,,,11
,,0.56,,1.2219,0.2,C002,,,12
,,0.36,,1.2513,0.12,C002,,,13
,,0.64,,1.2613,0.12,C002,,,14
,,0.48,,1.2043,0.12,C002,,,15
,,0.72,,1.163,0.12,C002,,,16
,,0.48,,1.162,0.24,C002,,,17
,,0.56,,1.112,0.08,C002,,,18
,,0.56,,1.0872,0.2,C002,,,19
,,0.52,,1.0464,0.2,C002,,,20
,,0.6,,1.0498,0.2,C002,,,21
,,0.48,,1.0733,0.24,C002,,,22
,,0.72,,1.0677,0.08,C002,,,23
,,0.68,,1.0195,0.24,C002,,,24
withheld_ai,1.5201,,0.8333,1.0195,,C002,-0.5006,0,exam
,,0.56,,0.5666,0.56,C003,,,1
,,0.84,,0.5276,0.56,C003,,,2
,,0.92,,0.5289,0.52,C003,,,3
,,0.8,,0.555,0.52,C003,,,4
,,0.92,,0.5047,0.44,C003,,,5
,,0.8,,0.4705,0.52,C003,,,6
,,0.84,,0.402,0.4,C003,,,7
,,0.96,,0.3738,0.48,C003,,,8
,,0.92,,0.3331,0.36,C003,,,9
,,1.0,,0.2869,0.48,C003,,,10
,,0.92,,0.2445,0.4,C003,,,11
,,0.88,,0.226,0.64,C003,,,12
,,1.0,,0.1988,0.28,C003,,,13
,,0.96,,0.1744,0.4,C003,,,14
,,0.84,,0.1479,0.28,C003,,,15
,,0.84,,0.1432,0.56,C003,,,16
,,0.88,,0.1578,0.48,C003,,,17
,,0.92,,0.1373,0.4,C003,,,18
,,0.8,,0.1252,0.48,C003,,,19
,,0.84,,0.1144,0.6,C003,,,20
,,0.84,,0.0609,0.56,C003,,,21
,,1.0,,0.05,0.56,C003,,,22
,,0.88,,0.05,0.44,C003,,,23
,,0.92,,0.05,0.68,C003,,,24
disagreement_prompt,0.5701,,0.6167,0.05,,C003,-0.5201,0,exam
,,0.84,,0.8131,0.0,C004,,,1
,,0.72,,0.8013,0.08,C004,,,2
,,0.88,,0.7534,0.0,C004,,,3
,,0.88,,0.6929,0.0,C004,,,4
,,0.88,,0.6646,0.04,C004,,,5
,,0.88,,0.5883,0.08,C004,,,6
,,0.76,,0.5705,0.08,C004,,,7
,,0.8,,0.5517,0.16,C004,,,8
,,0.8,,0.4888,0.08,C004,,,9
,,0.84,,0.4968,0.12,C004,,,10
,,1.0,,0.4296,0.0,C004,,,11
,,0.76,,0.385,0.2,C004,,,12
,,0.72,,0.3246,0.16,C004,,,13
,,0.92,,0.3075,0.08,C004,,,14
,,0.88,,0.2656,0.08,C004,,,15
,,0.8,,0.2214,0.16,C004,,,16
,,1.0,,0.1779,0.0,C004,,,17
,,0.88,,0.1046,0.08,C004,,,18
,,0.92,,0.0571,0.04,C004,,,19
,,0.76,,0.05,0.2,C004,,,20
,,0.96,,0.05,0.0,C004,,,21
,,0.92,,0.05,0.04,C004,,,22
,,0.8,,0.05,0.12,C004,,,23
,,0.96,,0.05,0.0,C004,,,24
control_always_ai,0.8555,,0.5667,0.05,,C004,-0.8055,0,exam
,,0.36,,1.3288,1.0,C005,,,1
,,0.36,,1.3313,1.0,C005,,,2
,,0.48,,1.3125,1.0,C005,,,3
,,0.28,,1.2505,1.0,C005,,,4
,,0.6,,1.2509,1.0,C005,,,5
,,0.32,,1.2668,1.0,C005,,,6
,,0.44,,1.278,1.0,C005,,,7
,,0.52,,1.3114,1.0,C005,,,8
,,0.56,,1.3143,1.0,C005,,,9
,,0.6,,1.303,1.0,C005,,,10
,,0.48,,1.3374,1.0,C005,,,11
,,0.56,,1.319,1.0,C005,,,12
,,0.4,,1.3269,1.0,C005,,,13
,,0.48,,1.3088,1.0,C005,,,14
,,0.48,,1.3408,1.0,C005,,,15
,,0.44,,1.3742,1.0,C005,,,16
,,0.56,,1.3711,1.0,C005,,,17
,,0.64,,1.3732,1.0,C005,,,18
,,0.56,,1.3679,1.0,C005,,,19
,,0.44,,1.398,1.0,C005,,,20
,,0.52,,1.4196,1.0,C005,,,21
,,0.64,,1.4309,1.0,C005,,,22
,,0.48,,1.4477,1.0,C005,,,23
,,0.56,,1.4553,1.0,C005,,,24
blind_first,1.3153,,0.9,1.4553,,C005,0.14,0,exam
,,0.04,,1.1184,0.16,C006,,,1
,,0.0,,1.0825,0.12,C006,,,2
,,0.0,,1.0812,0.2,C006,,,3
,,0.04,,1.1066,0.24,C006,,,4
,,0.04,,1.1129,0.08,C006,,,5
,,0.0,,1.1201,0.24,C006,,,6
,,0.04,,1.1605,0.08,C006,,,7
,,0.04,,1.1664,0.2,C006,,,8
,,0.04,,1.1592,0.12,C006,,,9
,,0.08,,1.1574,0.2,C006,,,10
,,0.08,,1.1623,0.16,C006,,,11
,,0.04,,1.1656,0.24,C006,,,12
,,0.12,,1.1501,0.12,C006,,,13
,,0.08,,1.1548,0.24,C006,,,14
,,0.12,,1.173,0.12,C006,,,15
,,0.16,,1.1868,0.16,C006,,,16
,,0.08,,1.2256,0.0,C006,,,17
,,0.04,,1.2355,0.12,C006,,,18
,,0.08,,1.2303,0.16,C006,,,19
,,0.08,,1.2514,0.16,C006,,,20
,,0.08,,1.2442,0.16,C006,,,21
,,0.12,,1.2346,0.24,C006,,,22
,,0.04,,1.2418,0.04,C006,,,23
,,0.16,,1.2417,0.08,C006,,,24
withheld_ai,1.1112,,0.8167,1.2417,,C006,0.1305,1,exam
,,0.4,,1.0383,0.4,C007,,,1
,,0.36,,1.0393,0.6,C007,,,2
,,0.56,,1.0451,0.44,C007,,,3
,,0.4,,1.0657,0.56,C007,,,4
,,0.32,,1.0491,0.52,C007,,,5
,,0.56,,1.0073,0.4,C007,,,6
,,0.4,,1.0179,0.52,C007,,,7
,,0.6,,1.0141,0.52,C007,,,8
,,0.52,,0.9955,0.52,C007,,,9
,,0.32,,0.9725,0.32,C007,,,10
,,0.4,,0.9502,0.56,C007,,,11
,,0.6,,0.9347,0.52,C007,,,12
,,0.36,,0.9623,0.44,C007,,,13
,,0.6,,0.9597,0.6,C007,,,14
,,0.52,,0.9368,0.4,C007,,,15
,,0.48,,0.9424,0.4,C007,,,16
,,0.72,,0.9269,0.36,C007,,,17
,,0.64,,0.901,0.48,C007,,,18
,,0.48,,0.8887,0.24,C007,,,19
,,0.72,,0.8734,0.56,C007,,,20
,,0.8,,0.8537,0.6,C007,,,21
,,0.72,,0.8506,0.48,C007,,,22
,,0.8,,0.8154,0.44,C007,,,23
,,0.64,,0.8429,0.44,C007,,,24
disagreement_prompt,1.0538,,0.75,0.8429,,C007,-0.2109,0,exam
,,0.76,,0.7848,0.08,C008,,,1
,,0.52,,0.7439,0.08,C008,,,2
,,0.6,,0.6904,0.04,C008,,,3
,,0.76,,0.6302,0.0,C008,,,4
,,0.56,,0.615,0.04,C008,,,5
,,0.88,,0.5826,0.08,C008,,,6
,,0.72,,0.539,0.0,C008,,,7
,,0.64,,0.5134,0.0,C008,,,8
,,0.64,,0.4723,0.08,C008,,,9
,,0.72,,0.4424,0.04,C008,,,10
,,0.72,,0.4142,0.0,C008,,,11
,,0.84,,0.3662,0.08,C008,,,12
,,0.64,,0.359,0.12,C008,,,13
,,0.76,,0.3264,0.04,C008,,,14
,,0.88,,0.2869,0.04,C008,,,15
,,0.84,,0.2854,0.08,C008,,,16
,,0.84,,0.2238,0.08,C008,,,17
,,0.88,,0.1807,0.04,C008,,,18
,,0.96,,0.1222,0.0,C008,,,19
,,0.8,,0.0811,0.16,C008,,,20
,,0.84,,0.05,0.12,C008,,,21
,,0.88,,0.05,0.08,C008,,,22
,,0.92,,0.05,0.04,C008,,,23
,,0.84,,0.05,0.16,C008,,,24
control_always_ai,0.8226,,0.4833,0.05,,C008,-0.7726,0,exam
,,0.24,,0.6638,1.0,C009,,,1
,,0.28,,0.6792,1.0,C009,,,2
,,0.28,,0.7081,1.0,C009,,,3
,,0.36,,0.7244,1.0,C009,,,4
,,0.4,,0.7647,1.0,C009,,,5
,,0.36,,0.7981,1.0,C009,,,6
,,0.32,,0.7935,1.0,C009,,,7
,,0.36,,0.7885,1.0,C009,,,8
,,0.44,,0.8081,1.0,C009,,,9
,,0.2,,0.8432,1.0,C009,,,10
,,0.16,,0.8859,1.0,C009,,,11
,,0.52,,0.897,1.0,C009,,,12
,,0.36,,0.9025,1.0,C009,,,13
,,0.48,,0.9205,1.0,C009,,,14
,,0.6,,0.9326,1.0,C009,,,15
,,0.36,,0.9666,1.0,C009,,,16
,,0.28,,0.9825,1.0,C009,,,17
,,0.28,,0.967,1.0,C009,,,18
,,0.4,,0.9964,1.0,C009,,,19
,,0.48,,1.0042,1.0,C009,,,20
,,0.32,,1.0322,1.0,C009,,,21
,,0.36,,1.0501,1.0,C009,,,22
,,0.4,,1.0429,1.0,C009,,,23
,,0.6,,1.0086,1.0,C009,,,24
blind_first,0.6426,,0.9,1.0086,,C009,0.3659,0,exam
,,0.8,,1.1178,0.16,C010,,,1
,,0.76,,1.0832,0.16,C010,,,2
,,0.72,,1.0937,0.16,C010,,,3
,,0.72,,1.0646,0.28,C010,,,4
,,0.92,,1.0053,0.04,C010,,,5
,,0.8,,0.9753,0.16,C010,,,6
,,0.8,,0.932,0.2,C010,,,7
,,0.8,,0.8773,0.16,C010,,,8
,,0.76,,0.8409,0.24,C010,,,9
,,0.76,,0.7667,0.24,C010,,,10
,,0.64,,0.7453,0.36,C010,,,11
,,0.88,,0.7041,0.12,C010,,,12
,,0.76,,0.6743,0.24,C010,,,13
,,0.84,,0.6379,0.12,C010,,,14
,,0.88,,0.5861,0.12,C010,,,15
,,0.88,,0.5502,0.12,C010,,,16
,,0.84,,0.4946,0.12,C010,,,17
,,0.8,,0.4377,0.2,C010,,,18
,,0.88,,0.4281,0.08,C010,,,19
,,0.8,,0.4092,0.16,C010,,,20
,,0.8,,0.3665,0.2,C010,,,21
,,0.68,,0.3815,0.32,C010,,,22
,,0.8,,0.3283,0.2,C010,,,23
,,0.92,,0.283,0.04,C010,,,24
withheld_ai,1.1614,,0.6333,0.283,,C010,-0.8784,0,exam
,,0.48,,1.0389,0.24,C011,,,1
,,0.36,,1.0281,0.4,C011,,,2
,,0.4,,1.0324,0.48,C011,,,3
,,0.24,,0.9985,0.6,C011,,,4
,,0.4,,0.9791,0.44,C011,,,5
,,0.48,,0.9638,0.44,C011,,,6
,,0.56,,0.9487,0.6,C011,,,7
,,0.48,,0.9339,0.44,C011,,,8
,,0.68,,0.9057,0.52,C011,,,9
,,0.6,,0.915,0.68,C011,,,10
,,0.48,,0.9353,0.52,C011,,,11
,,0.6,,0.8849,0.48,C011,,,12
,,0.44,,0.8276,0.56,C011,,,13
,,0.68,,0.7922,0.4,C011,,,14
,,0.6,,0.7572,0.6,C011,,,15
,,0.68,,0.7548,0.52,C011,,,16
,,0.56,,0.7485,0.68,C011,,,17
,,0.72,,0.7595,0.56,C011,,,18
,,0.52,,0.7792,0.36,C011,,,19
,,0.6,,0.7278,0.48,C011,,,20
,,0.72,,0.697,0.44,C011,,,21
,,0.72,,0.6609,0.68,C011,,,22
,,0.72,,0.6192,0.48,C011,,,23
,,0.68,,0.5852,0.36,C011,,,24
disagreement_prompt,1.0498,,0.6833,0.5852,,C011,-0.4646,0,exam
,,0.36,,1.2952,0.08,C012,,,1
,,0.2,,1.2839,0.04,C012,,,2
,,0.4,,1.3046,0.04,C012,,,3
,,0.32,,1.3083,0.04,C012,,,4
,,0.6,,1.2696,0.0,C012,,,5
,,0.44,,1.2413,0.12,C012,,,6
,,0.56,,1.2431,0.04,C012,,,7
,,0.48,,1.2185,0.04,C012,,,8
,,0.44,,1.1894,0.04,C012,,,9
,,0.52,,1.1568,0.0,C012,,,10
,,0.52,,1.1497,0.0,C012,,,11
,,0.48,,1.0908,0.04,C012,,,12
,,0.56,,1.0698,0.08,C012,,,13
,,0.68,,1.0421,0.04,C012,,,14
,,0.76,,0.9961,0.08,C012,,,15
,,0.6,,0.9785,0.0,C012,,,16
,,0.48,,0.9803,0.12,C012,,,17
,,0.56,,0.9723,0.0,C012,,,18
,,0.56,,0.9651,0.2,C012,,,19
,,0.48,,0.9231,0.2,C012,,,20
,,0.68,,0.8892,0.04,C012,,,21
,,0.68,,0.8464,0.04,C012,,,22
,,0.68,,0.8301,0.0,C012,,,23
,,0.84,,0.778,0.04,C012,,,24
control_always_ai,1.3148,,0.6,0.778,,C012,-0.5368,0,exam
,,0.64,,0.05,1.0,C013,,,1
,,0.72,,0.05,1.0,C013,,,2
,,0.8,,0.05,1.0,C013,,,3
,,0.76,,0.05,1.0,C013,,,4
,,0.68,,0.05,1.0,C013,,,5
,,0.84,,0.05,1.0,C013,,,6
,,0.84,,0.0506,1.0,C013,,,7
,,0.8,,0.05,1.0,C013,,,8
,,0.92,,0.05,1.0,C013,,,9
,,0.96,,0.0664,1.0,C013,,,10
,,0.92,,0.0582,1.0,C013,,,11
,,0.72,,0.0701,1.0,C013,,,12
,,0.84,,0.05,1.0,C013,,,13
,,0.96,,0.05,1.0,C013,,,14
,,0.92,,0.05,1.0,C013,,,15
,,0.84,,0.05,1.0,C013,,,16
,,1.0,,0.05,1.0,C013,,,17
,,0.92,,0.05,1.0,C013,,,18
,,0.68,,0.0512,1.0,C013,,,19
,,1.0,,0.05,1.0,C013,,,20
,,0.96,,0.05,1.0,C013,,,21
,,0.88,,0.05,1.0,C013,,,22
,,0.84,,0.05,1.0,C013,,,23
,,1.0,,0.05,1.0,C013,,,24
blind_first,0.0275,,0.5,0.05,,C013,0.0225,0,exam
,,0.12,,0.4825,0.24,C014,,,1
,,0.24,,0.4689,0.04,C014,,,2
,,0.2,,0.4586,0.0,C014,,,3
,,0.16,,0.476,0.12,C014,,,4
,,0.04,,0.4594,0.12,C014,,,5
,,0.12,,0.472,0.16,C014,,,6
,,0.0,,0.5049,0.24,C014,,,7
,,0.04,,0.4775,0.12,C014,,,8
,,0.2,,0.4366,0.12,C014,,,9
,,0.2,,0.3912,0.16,C014,,,10
,,0.16,,0.3762,0.16,C014,,,11
,,0.08,,0.3635,0.2,C014,,,12
,,0.16,,0.347,0.16,C014,,,13
,,0.24,,0.3512,0.2,C014,,,14
,,0.28,,0.328,0.16,C014,,,15
,,0.04,,0.3235,0.16,C014,,,16
,,0.2,,0.323,0.2,C014,,,17
,,0.16,,0.3098,0.16,C014,,,18
,,0.12,,0.3337,0.16,C014,,,19
,,0.04,,0.3181,0.32,C014,,,20
,,0.08,,0.2919,0.12,C014,,,21
,,0.24,,0.2664,0.12,C014,,,22
,,0.04,,0.2979,0.16,C014,,,23
,,0.16,,0.3114,0.24,C014,,,24
withheld_ai,0.4716,,0.6167,0.3114,,C014,-0.1603,1,exam
,,0.0,,1.5411,0.56,C015,,,1
,,0.0,,1.5481,0.52,C015,,,2
,,0.0,,1.5848,0.44,C015,,,3
,,0.0,,1.598,0.44,C015,,,4
,,0.0,,1.6172,0.44,C015,,,5
,,0.0,,1.651,0.56,C015,,,6
,,0.0,,1.683,0.72,C015,,,7
,,0.0,,1.7182,0.48,C015,,,8
,,0.0,,1.7057,0.64,C015,,,9
,,0.0,,1.7312,0.48,C015,,,10
,,0.0,,1.7246,0.56,C015,,,11
,,0.0,,1.7395,0.52,C015,,,12
,,0.04,,1.7406,0.48,C015,,,13
,,0.0,,1.7605,0.4,C015,,,14
,,0.0,,1.7911,0.44,C015,,,15
,,0.0,,1.7749,0.36,C015,,,16
,,0.0,,1.8211,0.4,C015,,,17
,,0.0,,1.8359,0.48,C015,,,18
,,0.0,,1.8916,0.56,C015,,,19
,,0.0,,1.921,0.44,C015,,,20
,,0.0,,1.8869,0.64,C015,,,21
,,0.0,,1.8805,0.56,C015,,,22
,,0.04,,1.868,0.36,C015,,,23
,,0.08,,1.882,0.56,C015,,,24
disagreement_prompt,1.5219,,0.9333,1.882,,C015,0.3601,1,exam
