reviewer_id,week,arm,n_ai_shown,deferred_rate,committed_rate
C000,1,control_always_ai,24,0.3333333333333333,0.6666666666666667
C000,2,control_always_ai,22,0.22727272727272727,0.7727272727272727
C000,3,control_always_ai,24,0.375,0.625
C000,4,control_always_ai,25,0.16,0.84
C000,5,control_always_ai,25,0.2,0.8
C000,6,control_always_ai,22,0.13636363636363635,0.8636363636363636
C000,7,control_always_ai,24,0.125,0.875
C000,8,control_always_ai,23,0.13043478260869565,0.8695652173913043
C000,9,control_always_ai,22,0.36363636363636365,0.6363636363636364
C000,10,control_always_ai,24,0.20833333333333334,0.7916666666666666
C000,11,control_always_ai,23,0.21739130434782608,0.782608695652174
C000,12,control_always_ai,25,0.2,0.8
C000,13,control_always_ai,25,0.2,0.8
C000,14,control_always_ai,23,0.30434782608695654,0.6956521739130435
C000,15,control_always_ai,25,0.28,0.72
C000,16,control_always_ai,23,0.13043478260869565,0.8695652173913043
C000,17,control_always_ai,23,0.13043478260869565,0.8695652173913043
C000,18,control_always_ai,24,0.375,0.625
C000,19,control_always_ai,21,0.14285714285714285,0.8571428571428572
C000,20,control_always_ai,22,0.36363636363636365,0.6363636363636364
C000,21,control_always_ai,25,0.32,0.6799999999999999
C000,22,control_always_ai,25,0.16,0.84
C000,23,control_always_ai,21,0.2857142857142857,0.7142857142857143
C000,24,control_always_ai,24,0.25,0.75
C001,1,blind_first,22,0.6363636363636364,0.36363636363636365
C001,2,blind_first,23,0.4782608695652174,0.5217391304347826
C001,3,blind_first,24,0.875,0.125
C001,4,blind_first,25,0.84,0.16000000000000003
C001,5,blind_first,24,0.7916666666666666,0.20833333333333337
C001,6,blind_first,25,0.6,0.4
C001,7,blind_first,23,0.4782608695652174,0.5217391304347826
C001,8,blind_first,22,0.9090909090909091,0.09090909090909094
C001,9,blind_first,23,0.782608695652174,0.21739130434782605
C001,10,blind_first,23,0.6956521739130435,0.30434782608695654
C001,11,blind_first,24,0.7916666666666666,0.20833333333333337
C001,12,blind_first,23,0.8260869565217391,0.17391304347826086
C001,13,blind_first,22,0.8636363636363636,0.13636363636363635
C001,14,blind_first,23,0.9130434782608695,0.08695652173913049
C001,15,blind_first,24,0.75,0.25
C001,16,blind_first,23,0.782608695652174,0.21739130434782605
C001,17,blind_first,23,0.5652173913043478,0.4347826086956522
C001,18,blind_first,23,0.8260869565217391,0.17391304347826086
C001,19,blind_first,22,0.7727272727272727,0.2272727272727273
C001,20,blind_first,21,0.7619047619047619,0.23809523809523814
C001,21,blind_first,24,0.875,0.125
C001,22,blind_first,24,0.8333333333333334,0.16666666666666663
C001,23,blind_first,25,0.8,0.19999999999999996
C001,24,blind_first,25,0.92,0.07999999999999996
C002,1,withheld_ai,22,0.5909090909090909,0.40909090909090906
C002,2,withheld_ai,19,0.5263157894736842,0.4736842105263158
C002,3,withheld_ai,21,0.5238095238095238,0.47619047619047616
C002,4,withheld_ai,20,0.5,0.5
C002,5,withheld_ai,19,0.5789473684210527,0.42105263157894735
C002,6,withheld_ai,18,0.5555555555555556,0.4444444444444444
C002,7,withheld_ai,20,0.55,0.44999999999999996
C002,8,withheld_ai,21,0.5714285714285714,0.4285714285714286
C002,9,withheld_ai,21,0.7142857142857143,0.2857142857142857
C002,10,withheld_ai,21,0.42857142857142855,0.5714285714285714
C002,11,withheld_ai,19,0.8947368421052632,0.10526315789473684
C002,12,withheld_ai,20,0.75,0.25
C002,13,withheld_ai,22,0.45454545454545453,0.5454545454545454
C002,14,withheld_ai,22,0.7727272727272727,0.2272727272727273
C002,15,withheld_ai,22,0.5454545454545454,0.4545454545454546
C002,16,withheld_ai,22,0.8181818181818182,0.18181818181818177
C002,17,withheld_ai,19,0.7368421052631579,0.26315789473684215
C002,18,withheld_ai,23,0.6086956521739131,0.3913043478260869
C002,19,withheld_ai,20,0.65,0.35
C002,20,withheld_ai,20,0.6,0.4
C002,21,withheld_ai,20,0.8,0.19999999999999996
C002,22,withheld_ai,19,0.631578947368421,0.368421052631579
C002,23,withheld_ai,23,0.782608695652174,0.21739130434782605
C002,24,withheld_ai,19,0.8421052631578947,0.1578947368421053
C003,1,disagreement_prompt,22,0.6363636363636364,0.36363636363636365
C003,2,disagreement_prompt,23,0.8695652173913043,0.13043478260869568
C003,3,disagreement_prompt,24,0.875,0.125
C003,4,disagreement_prompt,23,0.8695652173913043,0.13043478260869568
C003,5,disagreement_prompt,25,0.88,0.12
C003,6,disagreement_prompt,23,0.8260869565217391,0.17391304347826086
C003,7,disagreement_prompt,24,0.8333333333333334,0.16666666666666663
C003,8,disagreement_prompt,24,0.9583333333333334,0.04166666666666663
C003,9,disagreement_prompt,24,0.875,0.125
C003,10,disagreement_prompt,25,0.96,0.040000000000000036
C003,11,disagreement_prompt,24,0.9166666666666666,0.08333333333333337
C003,12,disagreement_prompt,22,1.0,0.0
C003,13,disagreement_prompt,25,1.0,0.0
C003,14,disagreement_prompt,24,1.0,0.0
C003,15,disagreement_prompt,23,0.9130434782608695,0.08695652173913049
C003,16,disagreement_prompt,21,1.0,0.0
C003,17,disagreement_prompt,22,1.0,0.0
C003,18,disagreement_prompt,24,0.9583333333333334,0.04166666666666663
C003,19,disagreement_prompt,20,0.95,0.050000000000000044
C003,20,disagreement_prompt,21,1.0,0.0
C003,21,disagreement_prompt,22,0.9090909090909091,0.09090909090909094
C003,22,disagreement_prompt,25,0.92,0.07999999999999996
C003,23,disagreement_prompt,22,0.9545454545454546,0.045454545454545414
C003,24,disagreement_prompt,23,0.8695652173913043,0.13043478260869568
C004,1,control_always_ai,25,0.76,0.24
C004,2,control_always_ai,23,0.782608695652174,0.21739130434782605
C004,3,control_always_ai,25,0.8,0.19999999999999996
C004,4,control_always_ai,25,0.88,0.12
C004,5,control_always_ai,24,0.875,0.125
C004,6,control_always_ai,23,0.9565217391304348,0.04347826086956519
C004,7,control_always_ai,23,0.8260869565217391,0.17391304347826086
C004,8,control_always_ai,21,0.9523809523809523,0.04761904761904767
C004,9,control_always_ai,23,0.782608695652174,0.21739130434782605
C004,10,control_always_ai,22,0.9545454545454546,0.045454545454545414
C004,11,control_always_ai,25,0.96,0.040000000000000036
C004,12,control_always_ai,20,0.95,0.050000000000000044
C004,13,control_always_ai,21,0.8095238095238095,0.19047619047619047
C004,14,control_always_ai,23,1.0,0.0
C004,15,control_always_ai,23,0.9130434782608695,0.08695652173913049
C004,16,control_always_ai,21,0.9523809523809523,0.04761904761904767
C004,17,control_always_ai,25,1.0,0.0
C004,18,control_always_ai,23,0.9565217391304348,0.04347826086956519
C004,19,control_always_ai,24,0.875,0.125
C004,20,control_always_ai,20,0.95,0.050000000000000044
C004,21,control_always_ai,25,0.96,0.040000000000000036
C004,22,control_always_ai,24,0.9583333333333334,0.04166666666666663
C004,23,control_always_ai,22,0.8636363636363636,0.13636363636363635
C004,24,control_always_ai,25,0.92,0.07999999999999996
C005,1,blind_first,24,0.5416666666666666,0.45833333333333337
C005,2,blind_first,24,0.4166666666666667,0.5833333333333333
C005,3,blind_first,25,0.56,0.43999999999999995
C005,4,blind_first,22,0.3181818181818182,0.6818181818181819
C005,5,blind_first,22,0.7272727272727273,0.2727272727272727
C005,6,blind_first,24,0.375,0.625
C005,7,blind_first,21,0.47619047619047616,0.5238095238095238
C005,8,blind_first,23,0.5652173913043478,0.4347826086956522
C005,9,blind_first,23,0.6956521739130435,0.30434782608695654
C005,10,blind_first,24,0.7083333333333334,0.29166666666666663
C005,11,blind_first,25,0.48,0.52
C005,12,blind_first,24,0.625,0.375
C005,13,blind_first,19,0.5789473684210527,0.42105263157894735
C005,14,blind_first,23,0.6086956521739131,0.3913043478260869
C005,15,blind_first,24,0.5,0.5
C005,16,blind_first,22,0.45454545454545453,0.5454545454545454
C005,17,blind_first,24,0.5833333333333334,0.41666666666666663
C005,18,blind_first,25,0.6,0.4
C005,19,blind_first,23,0.6086956521739131,0.3913043478260869
C005,20,blind_first,23,0.4782608695652174,0.5217391304347826
C005,21,blind_first,20,0.65,0.35
C005,22,blind_first,22,0.6818181818181818,0.31818181818181823
C005,23,blind_first,24,0.5,0.5
C005,24,blind_first,24,0.5416666666666666,0.45833333333333337
C006,1,withheld_ai,21,0.09523809523809523,0.9047619047619048
C006,2,withheld_ai,22,0.045454545454545456,0.9545454545454546
C006,3,withheld_ai,20,0.05,0.95
C006,4,withheld_ai,19,0.05263157894736842,0.9473684210526316
C006,5,withheld_ai,23,0.17391304347826086,0.8260869565217391
C006,6,withheld_ai,19,0.21052631578947367,0.7894736842105263
C006,7,withheld_ai,23,0.08695652173913043,0.9130434782608696
C006,8,withheld_ai,20,0.1,0.9
C006,9,withheld_ai,22,0.09090909090909091,0.9090909090909091
C006,10,withheld_ai,20,0.2,0.8
C006,11,withheld_ai,21,0.19047619047619047,0.8095238095238095
C006,12,withheld_ai,19,0.10526315789473684,0.8947368421052632
C006,13,withheld_ai,22,0.22727272727272727,0.7727272727272727
C006,14,withheld_ai,19,0.10526315789473684,0.8947368421052632
C006,15,withheld_ai,22,0.18181818181818182,0.8181818181818181
C006,16,withheld_ai,21,0.19047619047619047,0.8095238095238095
C006,17,withheld_ai,25,0.16,0.84
C006,18,withheld_ai,22,0.18181818181818182,0.8181818181818181
C006,19,withheld_ai,21,0.14285714285714285,0.8571428571428572
C006,20,withheld_ai,21,0.23809523809523808,0.7619047619047619
C006,21,withheld_ai,21,0.14285714285714285,0.8571428571428572
C006,22,withheld_ai,19,0.2631578947368421,0.736842105263158
C006,23,withheld_ai,24,0.2916666666666667,0.7083333333333333
C006,24,withheld_ai,23,0.17391304347826086,0.8260869565217391
C007,1,disagreement_prompt,25,0.48,0.52
C007,2,disagreement_prompt,22,0.45454545454545453,0.5454545454545454
C007,3,disagreement_prompt,24,0.625,0.375
C007,4,disagreement_prompt,23,0.4782608695652174,0.5217391304347826
C007,5,disagreement_prompt,23,0.391304347826087,0.6086956521739131
C007,6,disagreement_prompt,25,0.56,0.43999999999999995
C007,7,disagreement_prompt,23,0.43478260869565216,0.5652173913043479
C007,8,disagreement_prompt,25,0.68,0.31999999999999995
C007,9,disagreement_prompt,24,0.5416666666666666,0.45833333333333337
C007,10,disagreement_prompt,25,0.32,0.6799999999999999
C007,11,disagreement_prompt,22,0.5454545454545454,0.4545454545454546
C007,12,disagreement_prompt,25,0.6,0.4
C007,13,disagreement_prompt,22,0.5454545454545454,0.4545454545454546
C007,14,disagreement_prompt,25,0.56,0.43999999999999995
C007,15,disagreement_prompt,22,0.5909090909090909,0.40909090909090906
C007,16,disagreement_prompt,23,0.5217391304347826,0.4782608695652174
C007,17,disagreement_prompt,25,0.76,0.24
C007,18,disagreement_prompt,24,0.7083333333333334,0.29166666666666663
C007,19,disagreement_prompt,24,0.5,0.5
C007,20,disagreement_prompt,23,0.782608695652174,0.21739130434782605
C007,21,disagreement_prompt,25,0.8,0.19999999999999996
C007,22,disagreement_prompt,22,0.8181818181818182,0.18181818181818177
C007,23,disagreement_prompt,25,0.88,0.12
C007,24,disagreement_prompt,23,0.7391304347826086,0.26086956521739135
C008,1,control_always_ai,23,0.782608695652174,0.21739130434782605
C008,2,control_always_ai,23,0.6086956521739131,0.3913043478260869
C008,3,control_always_ai,24,0.5833333333333334,0.41666666666666663
C008,4,control_always_ai,25,0.76,0.24
C008,5,control_always_ai,24,0.75,0.25
C008,6,control_always_ai,23,0.8695652173913043,0.13043478260869568
C008,7,control_always_ai,25,0.68,0.31999999999999995
C008,8,control_always_ai,25,0.64,0.36
C008,9,control_always_ai,23,0.6086956521739131,0.3913043478260869
C008,10,control_always_ai,24,0.75,0.25
C008,11,control_always_ai,25,0.72,0.28
C008,12,control_always_ai,23,0.9130434782608695,0.08695652173913049
C008,13,control_always_ai,22,0.8181818181818182,0.18181818181818177
C008,14,control_always_ai,24,0.8333333333333334,0.16666666666666663
C008,15,control_always_ai,24,0.875,0.125
C008,16,control_always_ai,23,0.8695652173913043,0.13043478260869568
C008,17,control_always_ai,23,0.9130434782608695,0.08695652173913049
C008,18,control_always_ai,24,0.9166666666666666,0.08333333333333337
C008,19,control_always_ai,25,0.92,0.07999999999999996
C008,20,control_always_ai,21,0.9047619047619048,0.09523809523809523
C008,21,control_always_ai,22,0.8636363636363636,0.13636363636363635
C008,22,control_always_ai,23,0.9565217391304348,0.04347826086956519
C008,23,control_always_ai,24,0.9166666666666666,0.08333333333333337
C008,24,control_always_ai,21,0.9523809523809523,0.04761904761904767
C009,1,blind_first,21,0.38095238095238093,0.6190476190476191
C009,2,blind_first,23,0.30434782608695654,0.6956521739130435
C009,3,blind_first,21,0.38095238095238093,0.6190476190476191
C009,4,blind_first,21,0.42857142857142855,0.5714285714285714
C009,5,blind_first,23,0.43478260869565216,0.5652173913043479
C009,6,blind_first,25,0.44,0.56
C009,7,blind_first,22,0.2727272727272727,0.7272727272727273
C009,8,blind_first,22,0.4090909090909091,0.5909090909090908
C009,9,blind_first,23,0.5217391304347826,0.4782608695652174
C009,10,blind_first,23,0.30434782608695654,0.6956521739130435
C009,11,blind_first,23,0.17391304347826086,0.8260869565217391
C009,12,blind_first,24,0.5,0.5
C009,13,blind_first,24,0.375,0.625
C009,14,blind_first,24,0.5,0.5
C009,15,blind_first,24,0.625,0.375
C009,16,blind_first,23,0.5217391304347826,0.4782608695652174
C009,17,blind_first,24,0.2916666666666667,0.7083333333333333
C009,18,blind_first,23,0.34782608695652173,0.6521739130434783
C009,19,blind_first,23,0.5217391304347826,0.4782608695652174
C009,20,blind_first,23,0.5652173913043478,0.4347826086956522
C009,21,blind_first,18,0.4444444444444444,0.5555555555555556
C009,22,blind_first,24,0.375,0.625
C009,23,blind_first,21,0.5238095238095238,0.47619047619047616
C009,24,blind_first,23,0.6521739130434783,0.34782608695652173
C010,1,withheld_ai,21,0.9523809523809523,0.04761904761904767
C010,2,withheld_ai,21,0.9047619047619048,0.09523809523809523
C010,3,withheld_ai,21,0.8571428571428571,0.1428571428571429
C010,4,withheld_ai,18,0.9444444444444444,0.05555555555555558
C010,5,withheld_ai,24,0.9166666666666666,0.08333333333333337
C010,6,withheld_ai,21,1.0,0.0
C010,7,withheld_ai,20,0.95,0.050000000000000044
C010,8,withheld_ai,21,0.8571428571428571,0.1428571428571429
C010,9,withheld_ai,19,0.8947368421052632,0.10526315789473684
C010,10,withheld_ai,19,0.9473684210526315,0.052631578947368474
C010,11,withheld_ai,16,1.0,0.0
C010,12,withheld_ai,22,0.8636363636363636,0.13636363636363635
C010,13,withheld_ai,19,1.0,0.0
C010,14,withheld_ai,22,0.9090909090909091,0.09090909090909094
C010,15,withheld_ai,22,0.9090909090909091,0.09090909090909094
C010,16,withheld_ai,22,1.0,0.0
C010,17,withheld_ai,22,0.9545454545454546,0.045454545454545414
C010,18,withheld_ai,20,1.0,0.0
C010,19,withheld_ai,23,0.9130434782608695,0.08695652173913049
C010,20,withheld_ai,21,1.0,0.0
C010,21,withheld_ai,20,1.0,0.0
C010,22,withheld_ai,17,1.0,0.0
C010,23,withheld_ai,20,1.0,0.0
C010,24,withheld_ai,24,0.75,0.25
C011,1,disagreement_prompt,24,0.5,0.5
C011,2,disagreement_prompt,24,0.3333333333333333,0.6666666666666667
C011,3,disagreement_prompt,24,0.4583333333333333,0.5416666666666667
C011,4,disagreement_prompt,23,0.391304347826087,0.6086956521739131
C011,5,disagreement_prompt,24,0.5,0.5
C011,6,disagreement_prompt,23,0.4782608695652174,0.5217391304347826
C011,7,disagreement_prompt,24,0.5833333333333334,0.41666666666666663
C011,8,disagreement_prompt,23,0.6086956521739131,0.3913043478260869
C011,9,disagreement_prompt,24,0.7083333333333334,0.29166666666666663
C011,10,disagreement_prompt,22,0.6818181818181818,0.31818181818181823
C011,11,disagreement_prompt,20,0.6,0.4
C011,12,disagreement_prompt,23,0.6086956521739131,0.3913043478260869
C011,13,disagreement_prompt,24,0.5,0.5
C011,14,disagreement_prompt,24,0.7083333333333334,0.29166666666666663
C011,15,disagreement_prompt,23,0.7391304347826086,0.26086956521739135
C011,16,disagreement_prompt,25,0.72,0.28
C011,17,disagreement_prompt,23,0.6521739130434783,0.34782608695652173
C011,18,disagreement_prompt,25,0.72,0.28
C011,19,disagreement_prompt,21,0.6190476190476191,0.38095238095238093
C011,20,disagreement_prompt,23,0.6521739130434783,0.34782608695652173
C011,21,disagreement_prompt,25,0.76,0.24
C011,22,disagreement_prompt,23,0.782608695652174,0.21739130434782605
C011,23,disagreement_prompt,24,0.75,0.25
C011,24,disagreement_prompt,24,0.75,0.25
C012,1,control_always_ai,23,0.391304347826087,0.6086956521739131
C012,2,control_always_ai,24,0.25,0.75
C012,3,control_always_ai,24,0.4583333333333333,0.5416666666666667
C012,4,control_always_ai,24,0.4166666666666667,0.5833333333333333
C012,5,control_always_ai,25,0.64,0.36
C012,6,control_always_ai,22,0.5909090909090909,0.40909090909090906
C012,7,control_always_ai,24,0.625,0.375
C012,8,control_always_ai,24,0.5416666666666666,0.45833333333333337
C012,9,control_always_ai,24,0.5,0.5
C012,10,control_always_ai,25,0.56,0.43999999999999995
C012,11,control_always_ai,25,0.56,0.43999999999999995
C012,12,control_always_ai,24,0.6666666666666666,0.33333333333333337
C012,13,control_always_ai,23,0.7391304347826086,0.26086956521739135
C012,14,control_always_ai,24,0.75,0.25
C012,15,control_always_ai,23,0.8260869565217391,0.17391304347826086
C012,16,control_always_ai,25,0.64,0.36
C012,17,control_always_ai,22,0.5454545454545454,0.4545454545454546
C012,18,control_always_ai,25,0.6,0.4
C012,19,control_always_ai,20,0.65,0.35
C012,20,control_always_ai,20,0.65,0.35
C012,21,control_always_ai,24,0.5833333333333334,0.41666666666666663
C012,22,control_always_ai,24,0.6666666666666666,0.33333333333333337
C012,23,control_always_ai,25,0.68,0.31999999999999995
C012,24,control_always_ai,24,0.875,0.125
C013,1,blind_first,23,0.6086956521739131,0.3913043478260869
C013,2,blind_first,24,0.7083333333333334,0.29166666666666663
C013,3,blind_first,22,0.7727272727272727,0.2272727272727273
C013,4,blind_first,24,0.7083333333333334,0.29166666666666663
C013,5,blind_first,24,0.7916666666666666,0.20833333333333337
C013,6,blind_first,24,0.8333333333333334,0.16666666666666663
C013,7,blind_first,23,0.9130434782608695,0.08695652173913049
C013,8,blind_first,25,0.68,0.31999999999999995
C013,9,blind_first,25,0.92,0.07999999999999996
C013,10,blind_first,25,0.96,0.040000000000000036
C013,11,blind_first,24,0.9583333333333334,0.04166666666666663
C013,12,blind_first,24,0.875,0.125
C013,13,blind_first,24,0.875,0.125
C013,14,blind_first,25,1.0,0.0
C013,15,blind_first,23,0.8695652173913043,0.13043478260869568
C013,16,blind_first,24,0.9166666666666666,0.08333333333333337
C013,17,blind_first,25,1.0,0.0
C013,18,blind_first,25,1.0,0.0
C013,19,blind_first,22,0.7272727272727273,0.2727272727272727
C013,20,blind_first,25,0.96,0.040000000000000036
C013,21,blind_first,24,0.9166666666666666,0.08333333333333337
C013,22,blind_first,24,0.875,0.125
C013,23,blind_first,22,0.9090909090909091,0.09090909090909094
C013,24,blind_first,25,1.0,0.0
C014,1,withheld_ai,19,0.21052631578947367,0.7894736842105263
C014,2,withheld_ai,24,0.375,0.625
C014,3,withheld_ai,25,0.32,0.6799999999999999
C014,4,withheld_ai,22,0.22727272727272727,0.7727272727272727
C014,5,withheld_ai,22,0.13636363636363635,0.8636363636363636
C014,6,withheld_ai,21,0.23809523809523808,0.7619047619047619
C014,7,withheld_ai,19,0.05263157894736842,0.9473684210526316
C014,8,withheld_ai,22,0.13636363636363635,0.8636363636363636
C014,9,withheld_ai,22,0.18181818181818182,0.8181818181818181
C014,10,withheld_ai,21,0.23809523809523808,0.7619047619047619
C014,11,withheld_ai,21,0.19047619047619047,0.8095238095238095
C014,12,withheld_ai,20,0.25,0.75
C014,13,withheld_ai,21,0.23809523809523808,0.7619047619047619
C014,14,withheld_ai,20,0.55,0.44999999999999996
C014,15,withheld_ai,21,0.47619047619047616,0.5238095238095238
C014,16,withheld_ai,21,0.09523809523809523,0.9047619047619048
C014,17,withheld_ai,20,0.35,0.65
C014,18,withheld_ai,21,0.23809523809523808,0.7619047619047619
C014,19,withheld_ai,21,0.2857142857142857,0.7142857142857143
C014,20,withheld_ai,17,0.058823529411764705,0.9411764705882353
C014,21,withheld_ai,22,0.09090909090909091,0.9090909090909091
C014,22,withheld_ai,22,0.36363636363636365,0.6363636363636364
C014,23,withheld_ai,21,0.047619047619047616,0.9523809523809523
C014,24,withheld_ai,19,0.21052631578947367,0.7894736842105263
C015,1,disagreement_prompt,24,0.125,0.875
C015,2,disagreement_prompt,22,0.0,1.0
C015,3,disagreement_prompt,25,0.08,0.92
C015,4,disagreement_prompt,24,0.125,0.875
C015,5,disagreement_prompt,23,0.13043478260869565,0.8695652173913043
C015,6,disagreement_prompt,22,0.13636363636363635,0.8636363636363636
C015,7,disagreement_prompt,21,0.14285714285714285,0.8571428571428572
C015,8,disagreement_prompt,21,0.047619047619047616,0.9523809523809523
C015,9,disagreement_prompt,22,0.09090909090909091,0.9090909090909091
C015,10,disagreement_prompt,23,0.17391304347826086,0.8260869565217391
C015,11,disagreement_prompt,24,0.125,0.875
C015,12,disagreement_prompt,23,0.17391304347826086,0.8260869565217391
C015,13,disagreement_prompt,22,0.13636363636363635,0.8636363636363636
C015,14,disagreement_prompt,24,0.0,1.0
C015,15,disagreement_prompt,25,0.04,0.96
C015,16,disagreement_prompt,23,0.17391304347826086,0.8260869565217391
C015,17,disagreement_prompt,23,0.08695652173913043,0.9130434782608696
C015,18,disagreement_prompt,25,0.04,0.96
C015,19,disagreement_prompt,24,0.125,0.875
C015,20,disagreement_prompt,24,0.08333333333333333,0.9166666666666666
C015,21,disagreement_prompt,22,0.09090909090909091,0.9090909090909091
C015,22,disagreement_prompt,22,0.18181818181818182,0.8181818181818181
C015,23,disagreement_prompt,25,0.12,0.88
C015,24,disagreement_prompt,22,0.18181818181818182,0.8181818181818181
R000,1,control_always_ai,24,0.3333333333333333,0.6666666666666667
R000,2,control_always_ai,25,0.64,0.36
R000,3,control_always_ai,25,0.52,0.48
R000,4,control_always_ai,24,0.7083333333333334,0.29166666666666663
R000,5,control_always_ai,23,0.5217391304347826,0.4782608695652174
R000,6,control_always_ai,25,0.64,0.36
R000,7,control_always_ai,23,0.5652173913043478,0.4347826086956522
R000,8,control_always_ai,24,0.6666666666666666,0.33333333333333337
R000,9,control_always_ai,24,0.5833333333333334,0.41666666666666663
R000,10,control_always_ai,25,0.68,0.31999999999999995
R000,11,control_always_ai,25,0.52,0.48
R000,12,control_always_ai,25,0.56,0.43999999999999995
R000,13,control_always_ai,24,0.5416666666666666,0.45833333333333337
R000,14,control_always_ai,24,0.6666666666666666,0.33333333333333337
R000,15,control_always_ai,24,0.6666666666666666,0.33333333333333337
R000,16,control_always_ai,25,0.76,0.24
R000,17,control_always_ai,24,0.7916666666666666,0.20833333333333337
R000,18,control_always_ai,24,0.9583333333333334,0.04166666666666663
R000,19,control_always_ai,24,0.7083333333333334,0.29166666666666663
R000,20,control_always_ai,25,0.72,0.28
R000,21,control_always_ai,23,0.782608695652174,0.21739130434782605
R000,22,control_always_ai,24,0.875,0.125
R000,23,control_always_ai,24,0.9166666666666666,0.08333333333333337
R000,24,control_always_ai,24,0.9166666666666666,0.08333333333333337
R001,1,blind_first,25,0.36,0.64
R001,2,blind_first,23,0.2608695652173913,0.7391304347826086
R001,3,blind_first,25,0.24,0.76
R001,4,blind_first,25,0.2,0.8
R001,5,blind_first,23,0.34782608695652173,0.6521739130434783
R001,6,blind_first,22,0.3181818181818182,0.6818181818181819
R001,7,blind_first,25,0.36,0.64
R001,8,blind_first,22,0.5,0.5
R001,9,blind_first,23,0.391304347826087,0.6086956521739131
R001,10,blind_first,20,0.55,0.44999999999999996
R001,11,blind_first,23,0.43478260869565216,0.5652173913043479
R001,12,blind_first,25,0.28,0.72
R001,13,blind_first,24,0.2916666666666667,0.7083333333333333
R001,14,blind_first,22,0.3181818181818182,0.6818181818181819
R001,15,blind_first,23,0.4782608695652174,0.5217391304347826
R001,16,blind_first,24,0.4583333333333333,0.5416666666666667
R001,17,blind_first,25,0.4,0.6
R001,18,blind_first,24,0.4583333333333333,0.5416666666666667
R001,19,blind_first,24,0.5416666666666666,0.45833333333333337
R001,20,blind_first,24,0.5416666666666666,0.45833333333333337
R001,21,blind_first,24,0.4583333333333333,0.5416666666666667
R001,22,blind_first,23,0.5652173913043478,0.4347826086956522
R001,23,blind_first,25,0.48,0.52
R001,24,blind_first,21,0.5714285714285714,0.4285714285714286
R002,1,withheld_ai,22,1.0,0.0
R002,2,withheld_ai,20,0.95,0.050000000000000044
R002,3,withheld_ai,22,0.9090909090909091,0.09090909090909094
R002,4,withheld_ai,21,0.9523809523809523,0.04761904761904767
R002,5,withheld_ai,21,0.9523809523809523,0.04761904761904767
R002,6,withheld_ai,21,1.0,0.0
R002,7,withheld_ai,22,0.9545454545454546,0.045454545454545414
R002,8,withheld_ai,20,0.95,0.050000000000000044
R002,9,withheld_ai,20,1.0,0.0
R002,10,withheld_ai,22,0.9090909090909091,0.09090909090909094
R002,11,withheld_ai,20,0.95,0.050000000000000044
R002,12,withheld_ai,22,0.9545454545454546,0.045454545454545414
R002,13,withheld_ai,21,0.8571428571428571,0.1428571428571429
R002,14,withheld_ai,22,0.8636363636363636,0.13636363636363635
R002,15,withheld_ai,20,0.9,0.09999999999999998
R002,16,withheld_ai,18,0.9444444444444444,0.05555555555555558
R002,17,withheld_ai,23,0.9565217391304348,0.04347826086956519
R002,18,withheld_ai,20,0.9,0.09999999999999998
R002,19,withheld_ai,19,0.8421052631578947,0.1578947368421053
R002,20,withheld_ai,21,0.8571428571428571,0.1428571428571429
R002,21,withheld_ai,19,0.7894736842105263,0.21052631578947367
R002,22,withheld_ai,20,0.95,0.050000000000000044
R002,23,withheld_ai,20,0.95,0.050000000000000044
R002,24,withheld_ai,22,0.9090909090909091,0.09090909090909094
R003,1,disagreement_prompt,23,0.391304347826087,0.6086956521739131
R003,2,disagreement_prompt,24,0.5,0.5
R003,3,disagreement_prompt,23,0.21739130434782608,0.782608695652174
R003,4,disagreement_prompt,25,0.36,0.64
R003,5,disagreement_prompt,24,0.5,0.5
R003,6,disagreement_prompt,23,0.5217391304347826,0.4782608695652174
R003,7,disagreement_prompt,22,0.5454545454545454,0.4545454545454546
R003,8,disagreement_prompt,21,0.47619047619047616,0.5238095238095238
R003,9,disagreement_prompt,24,0.625,0.375
R003,10,disagreement_prompt,25,0.64,0.36
R003,11,disagreement_prompt,22,0.5454545454545454,0.4545454545454546
R003,12,disagreement_prompt,22,0.5,0.5
R003,13,disagreement_prompt,22,0.45454545454545453,0.5454545454545454
R003,14,disagreement_prompt,23,0.5217391304347826,0.4782608695652174
R003,15,disagreement_prompt,23,0.5652173913043478,0.4347826086956522
R003,16,disagreement_prompt,23,0.4782608695652174,0.5217391304347826
R003,17,disagreement_prompt,25,0.36,0.64
R003,18,disagreement_prompt,23,0.6086956521739131,0.3913043478260869
R003,19,disagreement_prompt,23,0.6521739130434783,0.34782608695652173
R003,20,disagreement_prompt,23,0.782608695652174,0.21739130434782605
R003,21,disagreement_prompt,25,0.64,0.36
R003,22,disagreement_prompt,20,0.8,0.19999999999999996
R003,23,disagreement_prompt,22,0.5909090909090909,0.40909090909090906
R003,24,disagreement_prompt,24,0.7083333333333334,0.29166666666666663
R004,1,control_always_ai,23,0.6956521739130435,0.30434782608695654
R004,2,control_always_ai,25,0.68,0.31999999999999995
R004,3,control_always_ai,24,0.4166666666666667,0.5833333333333333
R004,4,control_always_ai,22,0.6818181818181818,0.31818181818181823
R004,5,control_always_ai,24,0.4583333333333333,0.5416666666666667
R004,6,control_always_ai,23,0.6086956521739131,0.3913043478260869
R004,7,control_always_ai,23,0.7391304347826086,0.26086956521739135
R004,8,control_always_ai,22,0.6363636363636364,0.36363636363636365
R004,9,control_always_ai,22,0.6818181818181818,0.31818181818181823
R004,10,control_always_ai,24,0.7916666666666666,0.20833333333333337
R004,11,control_always_ai,25,0.76,0.24
R004,12,control_always_ai,25,0.6,0.4
R004,13,control_always_ai,24,0.8333333333333334,0.16666666666666663
R004,14,control_always_ai,21,0.8095238095238095,0.19047619047619047
R004,15,control_always_ai,23,0.7391304347826086,0.26086956521739135
R004,16,control_always_ai,23,0.8695652173913043,0.13043478260869568
R004,17,control_always_ai,22,0.6363636363636364,0.36363636363636365
R004,18,control_always_ai,22,0.7727272727272727,0.2272727272727273
R004,19,control_always_ai,24,0.875,0.125
R004,20,control_always_ai,23,0.9130434782608695,0.08695652173913049
R004,21,control_always_ai,24,0.8333333333333334,0.16666666666666663
R004,22,control_always_ai,22,0.9090909090909091,0.09090909090909094
R004,23,control_always_ai,24,0.9166666666666666,0.08333333333333337
R004,24,control_always_ai,23,0.9565217391304348,0.04347826086956519
R005,1,blind_first,21,0.14285714285714285,0.8571428571428572
R005,2,blind_first,24,0.08333333333333333,0.9166666666666666
R005,3,blind_first,23,0.13043478260869565,0.8695652173913043
R005,4,blind_first,22,0.13636363636363635,0.8636363636363636
R005,5,blind_first,24,0.16666666666666666,0.8333333333333334
R005,6,blind_first,23,0.08695652173913043,0.9130434782608696
R005,7,blind_first,25,0.08,0.92
R005,8,blind_first,21,0.14285714285714285,0.8571428571428572
R005,9,blind_first,23,0.17391304347826086,0.8260869565217391
R005,10,blind_first,25,0.12,0.88
R005,11,blind_first,24,0.125,0.875
R005,12,blind_first,24,0.16666666666666666,0.8333333333333334
R005,13,blind_first,24,0.125,0.875
R005,14,blind_first,25,0.24,0.76
R005,15,blind_first,25,0.12,0.88
R005,16,blind_first,24,0.041666666666666664,0.9583333333333334
R005,17,blind_first,25,0.08,0.92
R005,18,blind_first,23,0.17391304347826086,0.8260869565217391
R005,19,blind_first,23,0.17391304347826086,0.8260869565217391
R005,20,blind_first,24,0.16666666666666666,0.8333333333333334
R005,21,blind_first,25,0.16,0.84
R005,22,blind_first,25,0.12,0.88
R005,23,blind_first,24,0.08333333333333333,0.9166666666666666
R005,24,blind_first,23,0.13043478260869565,0.8695652173913043
R006,1,withheld_ai,21,0.6666666666666666,0.33333333333333337
R006,2,withheld_ai,21,0.6190476190476191,0.38095238095238093
R006,3,withheld_ai,21,0.7619047619047619,0.23809523809523814
R006,4,withheld_ai,23,0.43478260869565216,0.5652173913043479
R006,5,withheld_ai,19,0.8421052631578947,0.1578947368421053
R006,6,withheld_ai,19,0.6842105263157895,0.3157894736842105
R006,7,withheld_ai,22,0.6363636363636364,0.36363636363636365
R006,8,withheld_ai,24,0.875,0.125
R006,9,withheld_ai,23,0.6521739130434783,0.34782608695652173
R006,10,withheld_ai,20,0.6,0.4
R006,11,withheld_ai,21,0.6666666666666666,0.33333333333333337
R006,12,withheld_ai,20,0.8,0.19999999999999996
R006,13,withheld_ai,19,0.6842105263157895,0.3157894736842105
R006,14,withheld_ai,22,0.7727272727272727,0.2272727272727273
R006,15,withheld_ai,22,0.7272727272727273,0.2727272727272727
R006,16,withheld_ai,20,0.75,0.25
R006,17,withheld_ai,23,0.9130434782608695,0.08695652173913049
R006,18,withheld_ai,20,0.85,0.15000000000000002
R006,19,withheld_ai,19,0.6842105263157895,0.3157894736842105
R006,20,withheld_ai,22,0.8181818181818182,0.18181818181818177
R006,21,withheld_ai,18,0.8333333333333334,0.16666666666666663
R006,22,withheld_ai,23,0.8260869565217391,0.17391304347826086
R006,23,withheld_ai,22,1.0,0.0
R006,24,withheld_ai,19,1.0,0.0
R007,1,disagreement_prompt,24,0.125,0.875
R007,2,disagreement_prompt,22,0.13636363636363635,0.8636363636363636
R007,3,disagreement_prompt,23,0.34782608695652173,0.6521739130434783
R007,4,disagreement_prompt,24,0.08333333333333333,0.9166666666666666
R007,5,disagreement_prompt,23,0.2608695652173913,0.7391304347826086
R007,6,disagreement_prompt,25,0.32,0.6799999999999999
R007,7,disagreement_prompt,24,0.4166666666666667,0.5833333333333333
R007,8,disagreement_prompt,24,0.25,0.75
R007,9,disagreement_prompt,24,0.25,0.75
R007,10,disagreement_prompt,24,0.375,0.625
R007,11,disagreement_prompt,25,0.32,0.6799999999999999
R007,12,disagreement_prompt,24,0.2916666666666667,0.7083333333333333
R007,13,disagreement_prompt,24,0.375,0.625
R007,14,disagreement_prompt,21,0.47619047619047616,0.5238095238095238
R007,15,disagreement_prompt,24,0.5416666666666666,0.45833333333333337
R007,16,disagreement_prompt,25,0.4,0.6
R007,17,disagreement_prompt,24,0.4583333333333333,0.5416666666666667
R007,18,disagreement_prompt,23,0.43478260869565216,0.5652173913043479
R007,19,disagreement_prompt,23,0.43478260869565216,0.5652173913043479
R007,20,disagreement_prompt,22,0.22727272727272727,0.7727272727272727
R007,21,disagreement_prompt,24,0.5,0.5
R007,22,disagreement_prompt,24,0.25,0.75
R007,23,disagreement_prompt,24,0.5,0.5
R007,24,disagreement_prompt,23,0.5217391304347826,0.4782608695652174
R008,1,control_always_ai,24,0.75,0.25
R008,2,control_always_ai,24,0.8333333333333334,0.16666666666666663
R008,3,control_always_ai,23,0.6956521739130435,0.30434782608695654
R008,4,control_always_ai,23,0.6521739130434783,0.34782608695652173
R008,5,control_always_ai,22,0.7272727272727273,0.2727272727272727
R008,6,control_always_ai,23,0.5652173913043478,0.4347826086956522
R008,7,control_always_ai,22,0.8181818181818182,0.18181818181818177
R008,8,control_always_ai,23,0.782608695652174,0.21739130434782605
R008,9,control_always_ai,20,0.75,0.25
R008,10,control_always_ai,24,0.75,0.25
R008,11,control_always_ai,23,0.782608695652174,0.21739130434782605
R008,12,control_always_ai,25,0.84,0.16000000000000003
R008,13,control_always_ai,25,0.84,0.16000000000000003
R008,14,control_always_ai,23,0.8260869565217391,0.17391304347826086
R008,15,control_always_ai,22,0.8636363636363636,0.13636363636363635
R008,16,control_always_ai,25,0.92,0.07999999999999996
R008,17,control_always_ai,24,1.0,0.0
R008,18,control_always_ai,24,1.0,0.0
R008,19,control_always_ai,24,1.0,0.0
R008,20,control_always_ai,23,1.0,0.0
R008,21,control_always_ai,24,0.9166666666666666,0.08333333333333337
R008,22,control_always_ai,24,0.9166666666666666,0.08333333333333337
R008,23,control_always_ai,23,0.9565217391304348,0.04347826086956519
R008,24,control_always_ai,23,1.0,0.0
R009,1,blind_first,25,0.52,0.48
R009,2,blind_first,23,0.391304347826087,0.6086956521739131
R009,3,blind_first,25,0.48,0.52
R009,4,blind_first,23,0.34782608695652173,0.6521739130434783
R009,5,blind_first,23,0.391304347826087,0.6086956521739131
R009,6,blind_first,24,0.5833333333333334,0.41666666666666663
R009,7,blind_first,24,0.20833333333333334,0.7916666666666666
R009,8,blind_first,23,0.34782608695652173,0.6521739130434783
R009,9,blind_first,23,0.34782608695652173,0.6521739130434783
R009,10,blind_first,24,0.625,0.375
R009,11,blind_first,23,0.6086956521739131,0.3913043478260869
R009,12,blind_first,25,0.36,0.64
R009,13,blind_first,22,0.5909090909090909,0.40909090909090906
R009,14,blind_first,23,0.34782608695652173,0.6521739130434783
R009,15,blind_first,24,0.4583333333333333,0.5416666666666667
R009,16,blind_first,21,0.47619047619047616,0.5238095238095238
R009,17,blind_first,23,0.5652173913043478,0.4347826086956522
R009,18,blind_first,22,0.5,0.5
R009,19,blind_first,23,0.391304347826087,0.6086956521739131
R009,20,blind_first,25,0.56,0.43999999999999995
R009,21,blind_first,23,0.6956521739130435,0.30434782608695654
R009,22,blind_first,23,0.5217391304347826,0.4782608695652174
R009,23,blind_first,25,0.68,0.31999999999999995
R009,24,blind_first,25,0.56,0.43999999999999995
R010,1,withheld_ai,24,0.6666666666666666,0.33333333333333337
R010,2,withheld_ai,20,0.9,0.09999999999999998
R010,3,withheld_ai,25,0.88,0.12
R010,4,withheld_ai,20,0.9,0.09999999999999998
R010,5,withheld_ai,18,0.7777777777777778,0.2222222222222222
R010,6,withheld_ai,21,1.0,0.0
R010,7,withheld_ai,22,1.0,0.0
R010,8,withheld_ai,22,0.8636363636363636,0.13636363636363635
R010,9,withheld_ai,20,0.95,0.050000000000000044
R010,10,withheld_ai,19,0.8947368421052632,0.10526315789473684
R010,11,withheld_ai,21,1.0,0.0
R010,12,withheld_ai,17,1.0,0.0
R010,13,withheld_ai,19,0.8947368421052632,0.10526315789473684
R010,14,withheld_ai,22,0.8636363636363636,0.13636363636363635
R010,15,withheld_ai,19,0.9473684210526315,0.052631578947368474
R010,16,withheld_ai,18,1.0,0.0
R010,17,withheld_ai,18,0.8888888888888888,0.11111111111111116
R010,18,withheld_ai,19,1.0,0.0
R010,19,withheld_ai,24,1.0,0.0
R010,20,withheld_ai,19,1.0,0.0
R010,21,withheld_ai,20,0.95,0.050000000000000044
R010,22,withheld_ai,18,1.0,0.0
R010,23,withheld_ai,20,0.95,0.050000000000000044
R010,24,withheld_ai,20,0.95,0.050000000000000044
R011,1,disagreement_prompt,22,0.18181818181818182,0.8181818181818181
R011,2,disagreement_prompt,24,0.20833333333333334,0.7916666666666666
R011,3,disagreement_prompt,24,0.25,0.75
R011,4,disagreement_prompt,23,0.4782608695652174,0.5217391304347826
R011,5,disagreement_prompt,25,0.56,0.43999999999999995
R011,6,disagreement_prompt,24,0.4583333333333333,0.5416666666666667
R011,7,disagreement_prompt,25,0.28,0.72
R011,8,disagreement_prompt,24,0.375,0.625
R011,9,disagreement_prompt,22,0.36363636363636365,0.6363636363636364
R011,10,disagreement_prompt,22,0.36363636363636365,0.6363636363636364
R011,11,disagreement_prompt,25,0.36,0.64
R011,12,disagreement_prompt,24,0.4583333333333333,0.5416666666666667
R011,13,disagreement_prompt,21,0.42857142857142855,0.5714285714285714
R011,14,disagreement_prompt,24,0.5416666666666666,0.45833333333333337
R011,15,disagreement_prompt,20,0.35,0.65
R011,16,disagreement_prompt,25,0.52,0.48
R011,17,disagreement_prompt,23,0.5217391304347826,0.4782608695652174
R011,18,disagreement_prompt,23,0.21739130434782608,0.782608695652174
R011,19,disagreement_prompt,23,0.6086956521739131,0.3913043478260869
R011,20,disagreement_prompt,24,0.5,0.5
R011,21,disagreement_prompt,23,0.6086956521739131,0.3913043478260869
R011,22,disagreement_prompt,25,0.52,0.48
R011,23,disagreement_prompt,23,0.6956521739130435,0.30434782608695654
R011,24,disagreement_prompt,23,0.5652173913043478,0.4347826086956522
R012,1,control_always_ai,25,0.72,0.28
R012,2,control_always_ai,24,0.6666666666666666,0.33333333333333337
R012,3,control_always_ai,23,0.782608695652174,0.21739130434782605
R012,4,control_always_ai,24,0.75,0.25
R012,5,control_always_ai,22,0.6363636363636364,0.36363636363636365
R012,6,control_always_ai,24,0.875,0.125
R012,7,control_always_ai,24,0.6666666666666666,0.33333333333333337
R012,8,control_always_ai,24,0.8333333333333334,0.16666666666666663
R012,9,control_always_ai,20,0.85,0.15000000000000002
R012,10,control_always_ai,21,0.8571428571428571,0.1428571428571429
R012,11,control_always_ai,23,0.9565217391304348,0.04347826086956519
R012,12,control_always_ai,24,0.7916666666666666,0.20833333333333337
R012,13,control_always_ai,23,0.9130434782608695,0.08695652173913049
R012,14,control_always_ai,24,0.9166666666666666,0.08333333333333337
R012,15,control_always_ai,19,0.8421052631578947,0.1578947368421053
R012,16,control_always_ai,23,0.9565217391304348,0.04347826086956519
R012,17,control_always_ai,24,0.8333333333333334,0.16666666666666663
R012,18,control_always_ai,23,0.8260869565217391,0.17391304347826086
R012,19,control_always_ai,24,0.9166666666666666,0.08333333333333337
R012,20,control_always_ai,25,1.0,0.0
R012,21,control_always_ai,24,1.0,0.0
R012,22,control_always_ai,23,0.9565217391304348,0.04347826086956519
R012,23,control_always_ai,22,1.0,0.0
R012,24,control_always_ai,25,0.96,0.040000000000000036
R013,1,blind_first,21,0.6190476190476191,0.38095238095238093
R013,2,blind_first,24,0.7083333333333334,0.29166666666666663
R013,3,blind_first,21,0.6190476190476191,0.38095238095238093
R013,4,blind_first,23,0.6521739130434783,0.34782608695652173
R013,5,blind_first,25,0.72,0.28
R013,6,blind_first,24,0.7083333333333334,0.29166666666666663
R013,7,blind_first,23,0.43478260869565216,0.5652173913043479
R013,8,blind_first,23,0.6956521739130435,0.30434782608695654
R013,9,blind_first,22,0.6363636363636364,0.36363636363636365
R013,10,blind_first,25,0.72,0.28
R013,11,blind_first,24,0.7083333333333334,0.29166666666666663
R013,12,blind_first,23,0.8695652173913043,0.13043478260869568
R013,13,blind_first,23,0.7391304347826086,0.26086956521739135
R013,14,blind_first,24,0.75,0.25
R013,15,blind_first,24,0.7083333333333334,0.29166666666666663
R013,16,blind_first,25,0.8,0.19999999999999996
R013,17,blind_first,25,0.76,0.24
R013,18,blind_first,24,0.8333333333333334,0.16666666666666663
R013,19,blind_first,24,0.875,0.125
R013,20,blind_first,24,0.875,0.125
R013,21,blind_first,23,0.7391304347826086,0.26086956521739135
R013,22,blind_first,25,0.8,0.19999999999999996
R013,23,blind_first,23,0.8695652173913043,0.13043478260869568
R013,24,blind_first,25,0.72,0.28
R014,1,withheld_ai,24,0.5,0.5
R014,2,withheld_ai,21,0.5238095238095238,0.47619047619047616
R014,3,withheld_ai,20,0.75,0.25
R014,4,withheld_ai,20,0.5,0.5
R014,5,withheld_ai,21,0.5238095238095238,0.47619047619047616
R014,6,withheld_ai,21,0.6190476190476191,0.38095238095238093
R014,7,withheld_ai,21,0.5238095238095238,0.47619047619047616
R014,8,withheld_ai,21,0.47619047619047616,0.5238095238095238
R014,9,withheld_ai,24,0.7083333333333334,0.29166666666666663
R014,10,withheld_ai,19,0.7368421052631579,0.26315789473684215
R014,11,withheld_ai,20,0.75,0.25
R014,12,withheld_ai,20,0.65,0.35
R014,13,withheld_ai,17,0.6470588235294118,0.3529411764705882
R014,14,withheld_ai,17,0.5882352941176471,0.4117647058823529
R014,15,withheld_ai,19,0.8947368421052632,0.10526315789473684
R014,16,withheld_ai,19,0.7368421052631579,0.26315789473684215
R014,17,withheld_ai,21,0.6666666666666666,0.33333333333333337
R014,18,withheld_ai,22,0.7727272727272727,0.2272727272727273
R014,19,withheld_ai,21,0.9047619047619048,0.09523809523809523
R014,20,withheld_ai,21,0.8571428571428571,0.1428571428571429
R014,21,withheld_ai,19,0.7894736842105263,0.21052631578947367
R014,22,withheld_ai,21,0.6666666666666666,0.33333333333333337
R014,23,withheld_ai,22,0.8181818181818182,0.18181818181818177
R014,24,withheld_ai,21,1.0,0.0
R015,1,disagreement_prompt,25,0.48,0.52
R015,2,disagreement_prompt,25,0.56,0.43999999999999995
R015,3,disagreement_prompt,22,0.5,0.5
R015,4,disagreement_prompt,22,0.6818181818181818,0.31818181818181823
R015,5,disagreement_prompt,23,0.34782608695652173,0.6521739130434783
R015,6,disagreement_prompt,24,0.5416666666666666,0.45833333333333337
R015,7,disagreement_prompt,23,0.4782608695652174,0.5217391304347826
R015,8,disagreement_prompt,25,0.32,0.6799999999999999
R015,9,disagreement_prompt,20,0.4,0.6
R015,10,disagreement_prompt,25,0.48,0.52
R015,11,disagreement_prompt,25,0.6,0.4
R015,12,disagreement_prompt,25,0.68,0.31999999999999995
R015,13,disagreement_prompt,25,0.56,0.43999999999999995
R015,14,disagreement_prompt,24,0.7083333333333334,0.29166666666666663
R015,15,disagreement_prompt,25,0.72,0.28
R015,16,disagreement_prompt,22,0.45454545454545453,0.5454545454545454
R015,17,disagreement_prompt,24,0.6666666666666666,0.33333333333333337
R015,18,disagreement_prompt,25,0.68,0.31999999999999995
R015,19,disagreement_prompt,23,0.5652173913043478,0.4347826086956522
R015,20,disagreement_prompt,25,0.56,0.43999999999999995
R015,21,disagreement_prompt,24,0.5833333333333334,0.41666666666666663
R015,22,disagreement_prompt,24,0.7083333333333334,0.29166666666666663
R015,23,disagreement_prompt,22,0.45454545454545453,0.5454545454545454
R015,24,disagreement_prompt,24,0.5833333333333334,0.41666666666666663
R016,1,control_always_ai,24,0.625,0.375
R016,2,control_always_ai,25,0.6,0.4
R016,3,control_always_ai,24,0.6666666666666666,0.33333333333333337
R016,4,control_always_ai,23,0.6521739130434783,0.34782608695652173
R016,5,control_always_ai,24,0.7083333333333334,0.29166666666666663
R016,6,control_always_ai,23,0.4782608695652174,0.5217391304347826
R016,7,control_always_ai,25,0.6,0.4
R016,8,control_always_ai,23,0.5652173913043478,0.4347826086956522
R016,9,control_always_ai,23,0.782608695652174,0.21739130434782605
R016,10,control_always_ai,21,0.7619047619047619,0.23809523809523814
R016,11,control_always_ai,24,0.7083333333333334,0.29166666666666663
R016,12,control_always_ai,22,0.7272727272727273,0.2727272727272727
R016,13,control_always_ai,23,0.8695652173913043,0.13043478260869568
R016,14,control_always_ai,25,0.88,0.12
R016,15,control_always_ai,24,0.7916666666666666,0.20833333333333337
R016,16,control_always_ai,22,0.7727272727272727,0.2272727272727273
R016,17,control_always_ai,23,0.8695652173913043,0.13043478260869568
R016,18,control_always_ai,25,0.88,0.12
R016,19,control_always_ai,24,0.8333333333333334,0.16666666666666663
R016,20,control_always_ai,20,0.95,0.050000000000000044
R016,21,control_always_ai,23,0.9565217391304348,0.04347826086956519
R016,22,control_always_ai,25,0.88,0.12
R016,23,control_always_ai,23,0.8695652173913043,0.13043478260869568
R016,24,control_always_ai,23,0.9565217391304348,0.04347826086956519
R017,1,blind_first,23,0.43478260869565216,0.5652173913043479
R017,2,blind_first,24,0.5,0.5
R017,3,blind_first,25,0.68,0.31999999999999995
R017,4,blind_first,23,0.5652173913043478,0.4347826086956522
R017,5,blind_first,24,0.6666666666666666,0.33333333333333337
R017,6,blind_first,25,0.6,0.4
R017,7,blind_first,24,0.6666666666666666,0.33333333333333337
R017,8,blind_first,23,0.6956521739130435,0.30434782608695654
R017,9,blind_first,25,0.52,0.48
R017,10,blind_first,22,0.6363636363636364,0.36363636363636365
R017,11,blind_first,22,0.4090909090909091,0.5909090909090908
R017,12,blind_first,24,0.7083333333333334,0.29166666666666663
R017,13,blind_first,25,0.72,0.28
R017,14,blind_first,22,0.7272727272727273,0.2727272727272727
R017,15,blind_first,23,0.8260869565217391,0.17391304347826086
R017,16,blind_first,24,0.6666666666666666,0.33333333333333337
R017,17,blind_first,24,0.5833333333333334,0.41666666666666663
R017,18,blind_first,24,0.875,0.125
R017,19,blind_first,24,0.9583333333333334,0.04166666666666663
R017,20,blind_first,22,0.8181818181818182,0.18181818181818177
R017,21,blind_first,25,0.56,0.43999999999999995
R017,22,blind_first,23,0.6956521739130435,0.30434782608695654
R017,23,blind_first,24,0.75,0.25
R017,24,blind_first,24,0.875,0.125
R018,1,withheld_ai,15,0.5333333333333333,0.4666666666666667
R018,2,withheld_ai,22,0.7272727272727273,0.2727272727272727
R018,3,withheld_ai,23,0.8695652173913043,0.13043478260869568
R018,4,withheld_ai,20,0.75,0.25
R018,5,withheld_ai,22,0.6363636363636364,0.36363636363636365
R018,6,withheld_ai,24,0.9166666666666666,0.08333333333333337
R018,7,withheld_ai,19,0.7368421052631579,0.26315789473684215
R018,8,withheld_ai,21,0.7142857142857143,0.2857142857142857
R018,9,withheld_ai,20,0.8,0.19999999999999996
R018,10,withheld_ai,23,0.7391304347826086,0.26086956521739135
R018,11,withheld_ai,19,0.8421052631578947,0.1578947368421053
R018,12,withheld_ai,21,0.7142857142857143,0.2857142857142857
R018,13,withheld_ai,22,0.8181818181818182,0.18181818181818177
R018,14,withheld_ai,19,0.9473684210526315,0.052631578947368474
R018,15,withheld_ai,18,0.7222222222222222,0.2777777777777778
R018,16,withheld_ai,23,0.8695652173913043,0.13043478260869568
R018,17,withheld_ai,21,0.8571428571428571,0.1428571428571429
R018,18,withheld_ai,19,0.9473684210526315,0.052631578947368474
R018,19,withheld_ai,17,0.8823529411764706,0.11764705882352944
R018,20,withheld_ai,22,0.9090909090909091,0.09090909090909094
R018,21,withheld_ai,22,0.9545454545454546,0.045454545454545414
R018,22,withheld_ai,20,0.95,0.050000000000000044
R018,23,withheld_ai,19,0.8947368421052632,0.10526315789473684
R018,24,withheld_ai,20,1.0,0.0
R019,1,disagreement_prompt,24,0.7916666666666666,0.20833333333333337
R019,2,disagreement_prompt,23,0.6521739130434783,0.34782608695652173
R019,3,disagreement_prompt,21,0.7619047619047619,0.23809523809523814
R019,4,disagreement_prompt,23,0.8260869565217391,0.17391304347826086
R019,5,disagreement_prompt,23,0.6086956521739131,0.3913043478260869
R019,6,disagreement_prompt,21,0.8095238095238095,0.19047619047619047
R019,7,disagreement_prompt,25,0.68,0.31999999999999995
R019,8,disagreement_prompt,22,0.6818181818181818,0.31818181818181823
R019,9,disagreement_prompt,24,0.75,0.25
R019,10,disagreement_prompt,25,0.8,0.19999999999999996
R019,11,disagreement_prompt,22,0.8181818181818182,0.18181818181818177
R019,12,disagreement_prompt,21,0.8571428571428571,0.1428571428571429
R019,13,disagreement_prompt,24,0.7916666666666666,0.20833333333333337
R019,14,disagreement_prompt,22,0.8181818181818182,0.18181818181818177
R019,15,disagreement_prompt,23,0.8260869565217391,0.17391304347826086
R019,16,disagreement_prompt,24,0.8333333333333334,0.16666666666666663
R019,17,disagreement_prompt,23,1.0,0.0
R019,18,disagreement_prompt,23,0.9565217391304348,0.04347826086956519
R019,19,disagreement_prompt,23,0.8695652173913043,0.13043478260869568
R019,20,disagreement_prompt,24,0.9166666666666666,0.08333333333333337
R019,21,disagreement_prompt,22,0.9545454545454546,0.045454545454545414
R019,22,disagreement_prompt,23,0.9130434782608695,0.08695652173913049
R019,23,disagreement_prompt,21,1.0,0.0
R019,24,disagreement_prompt,25,0.96,0.040000000000000036
R020,1,control_always_ai,24,0.875,0.125
R020,2,control_always_ai,22,0.6818181818181818,0.31818181818181823
R020,3,control_always_ai,21,0.6666666666666666,0.33333333333333337
R020,4,control_always_ai,25,0.88,0.12
R020,5,control_always_ai,24,1.0,0.0
R020,6,control_always_ai,24,0.9583333333333334,0.04166666666666663
R020,7,control_always_ai,21,0.8095238095238095,0.19047619047619047
R020,8,control_always_ai,24,0.9166666666666666,0.08333333333333337
R020,9,control_always_ai,24,0.9166666666666666,0.08333333333333337
R020,10,control_always_ai,24,0.9583333333333334,0.04166666666666663
R020,11,control_always_ai,24,1.0,0.0
R020,12,control_always_ai,23,0.9565217391304348,0.04347826086956519
R020,13,control_always_ai,23,0.9565217391304348,0.04347826086956519
R020,14,control_always_ai,24,1.0,0.0
R020,15,control_always_ai,25,0.96,0.040000000000000036
R020,16,control_always_ai,24,0.9583333333333334,0.04166666666666663
R020,17,control_always_ai,21,1.0,0.0
R020,18,control_always_ai,25,0.8,0.19999999999999996
R020,19,control_always_ai,24,0.7916666666666666,0.20833333333333337
R020,20,control_always_ai,22,0.9545454545454546,0.045454545454545414
R020,21,control_always_ai,25,0.96,0.040000000000000036
R020,22,control_always_ai,24,0.9583333333333334,0.04166666666666663
R020,23,control_always_ai,25,1.0,0.0
R020,24,control_always_ai,24,1.0,0.0
R021,1,blind_first,23,0.21739130434782608,0.782608695652174
R021,2,blind_first,25,0.24,0.76
R021,3,blind_first,24,0.16666666666666666,0.8333333333333334
R021,4,blind_first,25,0.08,0.92
R021,5,blind_first,21,0.19047619047619047,0.8095238095238095
R021,6,blind_first,23,0.08695652173913043,0.9130434782608696
R021,7,blind_first,24,0.16666666666666666,0.8333333333333334
R021,8,blind_first,23,0.391304347826087,0.6086956521739131
R021,9,blind_first,25,0.4,0.6
R021,10,blind_first,23,0.2608695652173913,0.7391304347826086
R021,11,blind_first,23,0.30434782608695654,0.6956521739130435
R021,12,blind_first,25,0.32,0.6799999999999999
R021,13,blind_first,23,0.30434782608695654,0.6956521739130435
R021,14,blind_first,23,0.2608695652173913,0.7391304347826086
R021,15,blind_first,24,0.125,0.875
R021,16,blind_first,25,0.16,0.84
R021,17,blind_first,24,0.2916666666666667,0.7083333333333333
R021,18,blind_first,22,0.36363636363636365,0.6363636363636364
R021,19,blind_first,21,0.3333333333333333,0.6666666666666667
R021,20,blind_first,24,0.4583333333333333,0.5416666666666667
R021,21,blind_first,25,0.32,0.6799999999999999
R021,22,blind_first,24,0.3333333333333333,0.6666666666666667
R021,23,blind_first,24,0.20833333333333334,0.7916666666666666
R021,24,blind_first,22,0.36363636363636365,0.6363636363636364
R022,1,withheld_ai,20,0.55,0.44999999999999996
R022,2,withheld_ai,20,0.65,0.35
R022,3,withheld_ai,22,0.5909090909090909,0.40909090909090906
R022,4,withheld_ai,20,0.75,0.25
R022,5,withheld_ai,21,0.7619047619047619,0.23809523809523814
R022,6,withheld_ai,20,0.45,0.55
R022,7,withheld_ai,23,0.6956521739130435,0.30434782608695654
R022,8,withheld_ai,18,0.7777777777777778,0.2222222222222222
R022,9,withheld_ai,22,0.7727272727272727,0.2272727272727273
R022,10,withheld_ai,23,0.6521739130434783,0.34782608695652173
R022,11,withheld_ai,20,0.6,0.4
R022,12,withheld_ai,20,0.7,0.30000000000000004
R022,13,withheld_ai,18,0.6666666666666666,0.33333333333333337
R022,14,withheld_ai,20,0.65,0.35
R022,15,withheld_ai,20,0.75,0.25
R022,16,withheld_ai,22,0.8636363636363636,0.13636363636363635
R022,17,withheld_ai,18,0.8333333333333334,0.16666666666666663
R022,18,withheld_ai,20,0.75,0.25
R022,19,withheld_ai,21,0.7619047619047619,0.23809523809523814
R022,20,withheld_ai,18,0.8888888888888888,0.11111111111111116
R022,21,withheld_ai,20,0.95,0.050000000000000044
R022,22,withheld_ai,16,0.875,0.125
R022,23,withheld_ai,18,0.9444444444444444,0.05555555555555558
R022,24,withheld_ai,20,0.95,0.050000000000000044
R023,1,disagreement_prompt,23,0.5652173913043478,0.4347826086956522
R023,2,disagreement_prompt,23,0.4782608695652174,0.5217391304347826
R023,3,disagreement_prompt,23,0.6521739130434783,0.34782608695652173
R023,4,disagreement_prompt,22,0.6363636363636364,0.36363636363636365
R023,5,disagreement_prompt,25,0.68,0.31999999999999995
R023,6,disagreement_prompt,25,0.8,0.19999999999999996
R023,7,disagreement_prompt,25,0.64,0.36
R023,8,disagreement_prompt,22,0.5909090909090909,0.40909090909090906
R023,9,disagreement_prompt,23,0.7391304347826086,0.26086956521739135
R023,10,disagreement_prompt,24,0.75,0.25
R023,11,disagreement_prompt,24,0.7916666666666666,0.20833333333333337
R023,12,disagreement_prompt,25,0.64,0.36
R023,13,disagreement_prompt,21,0.6666666666666666,0.33333333333333337
R023,14,disagreement_prompt,25,0.68,0.31999999999999995
R023,15,disagreement_prompt,22,0.8636363636363636,0.13636363636363635
R023,16,disagreement_prompt,23,0.782608695652174,0.21739130434782605
R023,17,disagreement_prompt,23,0.7391304347826086,0.26086956521739135
R023,18,disagreement_prompt,24,0.875,0.125
R023,19,disagreement_prompt,18,1.0,0.0
R023,20,disagreement_prompt,23,0.7391304347826086,0.26086956521739135
R023,21,disagreement_prompt,21,0.7619047619047619,0.23809523809523814
R023,22,disagreement_prompt,25,0.84,0.16000000000000003
R023,23,disagreement_prompt,23,0.8260869565217391,0.17391304347826086
R023,24,disagreement_prompt,24,0.7916666666666666,0.20833333333333337
R024,1,control_always_ai,24,0.8333333333333334,0.16666666666666663
R024,2,control_always_ai,25,0.8,0.19999999999999996
R024,3,control_always_ai,24,0.7916666666666666,0.20833333333333337
R024,4,control_always_ai,23,0.6086956521739131,0.3913043478260869
R024,5,control_always_ai,21,0.8571428571428571,0.1428571428571429
R024,6,control_always_ai,24,0.7916666666666666,0.20833333333333337
R024,7,control_always_ai,23,0.9565217391304348,0.04347826086956519
R024,8,control_always_ai,21,0.8571428571428571,0.1428571428571429
R024,9,control_always_ai,23,0.9130434782608695,0.08695652173913049
R024,10,control_always_ai,25,0.88,0.12
R024,11,control_always_ai,25,0.96,0.040000000000000036
R024,12,control_always_ai,25,0.88,0.12
R024,13,control_always_ai,24,0.8333333333333334,0.16666666666666663
R024,14,control_always_ai,21,1.0,0.0
R024,15,control_always_ai,25,1.0,0.0
R024,16,control_always_ai,24,0.9166666666666666,0.08333333333333337
R024,17,control_always_ai,22,0.9545454545454546,0.045454545454545414
R024,18,control_always_ai,21,1.0,0.0
R024,19,control_always_ai,23,0.9565217391304348,0.04347826086956519
R024,20,control_always_ai,25,0.92,0.07999999999999996
R024,21,control_always_ai,24,0.9166666666666666,0.08333333333333337
R024,22,control_always_ai,25,0.96,0.040000000000000036
R024,23,control_always_ai,23,0.9130434782608695,0.08695652173913049
R024,24,control_always_ai,24,0.9583333333333334,0.04166666666666663
R025,1,blind_first,19,0.2631578947368421,0.736842105263158
R025,2,blind_first,23,0.21739130434782608,0.782608695652174
R025,3,blind_first,23,0.43478260869565216,0.5652173913043479
R025,4,blind_first,25,0.28,0.72
R025,5,blind_first,24,0.2916666666666667,0.7083333333333333
R025,6,blind_first,23,0.391304347826087,0.6086956521739131
R025,7,blind_first,24,0.125,0.875
R025,8,blind_first,23,0.391304347826087,0.6086956521739131
R025,9,blind_first,22,0.5454545454545454,0.4545454545454546
R025,10,blind_first,24,0.4583333333333333,0.5416666666666667
R025,11,blind_first,22,0.4090909090909091,0.5909090909090908
R025,12,blind_first,23,0.391304347826087,0.6086956521739131
R025,13,blind_first,24,0.375,0.625
R025,14,blind_first,23,0.21739130434782608,0.782608695652174
R025,15,blind_first,24,0.375,0.625
R025,16,blind_first,25,0.16,0.84
R025,17,blind_first,22,0.2727272727272727,0.7272727272727273
R025,18,blind_first,21,0.38095238095238093,0.6190476190476191
R025,19,blind_first,24,0.3333333333333333,0.6666666666666667
R025,20,blind_first,23,0.391304347826087,0.6086956521739131
R025,21,blind_first,23,0.6086956521739131,0.3913043478260869
R025,22,blind_first,24,0.5416666666666666,0.45833333333333337
R025,23,blind_first,25,0.28,0.72
R025,24,blind_first,24,0.4166666666666667,0.5833333333333333
R026,1,withheld_ai,22,0.5909090909090909,0.40909090909090906
R026,2,withheld_ai,22,0.5,0.5
R026,3,withheld_ai,21,0.5714285714285714,0.4285714285714286
R026,4,withheld_ai,24,0.7083333333333334,0.29166666666666663
R026,5,withheld_ai,20,0.6,0.4
R026,6,withheld_ai,20,0.75,0.25
R026,7,withheld_ai,22,0.5909090909090909,0.40909090909090906
R026,8,withheld_ai,22,0.6818181818181818,0.31818181818181823
R026,9,withheld_ai,21,0.42857142857142855,0.5714285714285714
R026,10,withheld_ai,19,0.42105263157894735,0.5789473684210527
R026,11,withheld_ai,22,0.6818181818181818,0.31818181818181823
R026,12,withheld_ai,22,0.5454545454545454,0.4545454545454546
R026,13,withheld_ai,22,0.45454545454545453,0.5454545454545454
R026,14,withheld_ai,20,0.6,0.4
R026,15,withheld_ai,22,0.8636363636363636,0.13636363636363635
R026,16,withheld_ai,20,0.85,0.15000000000000002
R026,17,withheld_ai,23,0.8695652173913043,0.13043478260869568
R026,18,withheld_ai,19,0.6842105263157895,0.3157894736842105
R026,19,withheld_ai,18,0.7222222222222222,0.2777777777777778
R026,20,withheld_ai,19,0.8421052631578947,0.1578947368421053
R026,21,withheld_ai,17,0.7647058823529411,0.23529411764705888
R026,22,withheld_ai,19,0.7368421052631579,0.26315789473684215
R026,23,withheld_ai,22,0.8636363636363636,0.13636363636363635
R026,24,withheld_ai,19,0.8947368421052632,0.10526315789473684
R027,1,disagreement_prompt,25,0.32,0.6799999999999999
R027,2,disagreement_prompt,25,0.12,0.88
R027,3,disagreement_prompt,25,0.2,0.8
R027,4,disagreement_prompt,24,0.2916666666666667,0.7083333333333333
R027,5,disagreement_prompt,23,0.30434782608695654,0.6956521739130435
R027,6,disagreement_prompt,23,0.08695652173913043,0.9130434782608696
R027,7,disagreement_prompt,24,0.3333333333333333,0.6666666666666667
R027,8,disagreement_prompt,24,0.125,0.875
R027,9,disagreement_prompt,22,0.22727272727272727,0.7727272727272727
R027,10,disagreement_prompt,22,0.36363636363636365,0.6363636363636364
R027,11,disagreement_prompt,22,0.09090909090909091,0.9090909090909091
R027,12,disagreement_prompt,23,0.21739130434782608,0.782608695652174
R027,13,disagreement_prompt,25,0.16,0.84
R027,14,disagreement_prompt,25,0.24,0.76
R027,15,disagreement_prompt,21,0.19047619047619047,0.8095238095238095
R027,16,disagreement_prompt,23,0.21739130434782608,0.782608695652174
R027,17,disagreement_prompt,24,0.20833333333333334,0.7916666666666666
R027,18,disagreement_prompt,24,0.20833333333333334,0.7916666666666666
R027,19,disagreement_prompt,23,0.21739130434782608,0.782608695652174
R027,20,disagreement_prompt,22,0.13636363636363635,0.8636363636363636
R027,21,disagreement_prompt,23,0.34782608695652173,0.6521739130434783
R027,22,disagreement_prompt,25,0.16,0.84
R027,23,disagreement_prompt,22,0.2727272727272727,0.7272727272727273
R027,24,disagreement_prompt,22,0.18181818181818182,0.8181818181818181
R028,1,control_always_ai,24,0.7916666666666666,0.20833333333333337
R028,2,control_always_ai,25,0.88,0.12
R028,3,control_always_ai,23,0.9565217391304348,0.04347826086956519
R028,4,control_always_ai,25,0.84,0.16000000000000003
R028,5,control_always_ai,21,0.8571428571428571,0.1428571428571429
R028,6,control_always_ai,22,0.9090909090909091,0.09090909090909094
R028,7,control_always_ai,23,0.9130434782608695,0.08695652173913049
R028,8,control_always_ai,23,0.9565217391304348,0.04347826086956519
R028,9,control_always_ai,22,0.9545454545454546,0.045454545454545414
R028,10,control_always_ai,24,1.0,0.0
R028,11,control_always_ai,25,0.96,0.040000000000000036
R028,12,control_always_ai,25,0.96,0.040000000000000036
R028,13,control_always_ai,24,0.9583333333333334,0.04166666666666663
R028,14,control_always_ai,24,1.0,0.0
R028,15,control_always_ai,22,1.0,0.0
R028,16,control_always_ai,23,0.8695652173913043,0.13043478260869568
R028,17,control_always_ai,22,0.9545454545454546,0.045454545454545414
R028,18,control_always_ai,24,0.9583333333333334,0.04166666666666663
R028,19,control_always_ai,24,0.9166666666666666,0.08333333333333337
R028,20,control_always_ai,21,0.9047619047619048,0.09523809523809523
R028,21,control_always_ai,21,1.0,0.0
R028,22,control_always_ai,23,0.9565217391304348,0.04347826086956519
R028,23,control_always_ai,24,1.0,0.0
R028,24,control_always_ai,24,0.9583333333333334,0.04166666666666663
R029,1,blind_first,23,0.13043478260869565,0.8695652173913043
R029,2,blind_first,21,0.14285714285714285,0.8571428571428572
R029,3,blind_first,22,0.045454545454545456,0.9545454545454546
R029,4,blind_first,24,0.25,0.75
R029,5,blind_first,24,0.20833333333333334,0.7916666666666666
R029,6,blind_first,20,0.1,0.9
R029,7,blind_first,22,0.2727272727272727,0.7272727272727273
R029,8,blind_first,25,0.08,0.92
R029,9,blind_first,23,0.13043478260869565,0.8695652173913043
R029,10,blind_first,24,0.125,0.875
R029,11,blind_first,24,0.041666666666666664,0.9583333333333334
R029,12,blind_first,23,0.13043478260869565,0.8695652173913043
R029,13,blind_first,25,0.08,0.92
R029,14,blind_first,24,0.16666666666666666,0.8333333333333334
R029,15,blind_first,22,0.045454545454545456,0.9545454545454546
R029,16,blind_first,22,0.0,1.0
R029,17,blind_first,25,0.16,0.84
R029,18,blind_first,24,0.16666666666666666,0.8333333333333334
R029,19,blind_first,25,0.16,0.84
R029,20,blind_first,24,0.125,0.875
R029,21,blind_first,23,0.043478260869565216,0.9565217391304348
R029,22,blind_first,25,0.04,0.96
R029,23,blind_first,22,0.045454545454545456,0.9545454545454546
R029,24,blind_first,21,0.047619047619047616,0.9523809523809523
R030,1,withheld_ai,22,0.5909090909090909,0.40909090909090906
R030,2,withheld_ai,18,0.6666666666666666,0.33333333333333337
R030,3,withheld_ai,19,0.5263157894736842,0.4736842105263158
R030,4,withheld_ai,18,0.5,0.5
R030,5,withheld_ai,17,0.7058823529411765,0.2941176470588235
R030,6,withheld_ai,23,0.43478260869565216,0.5652173913043479
R030,7,withheld_ai,21,0.8571428571428571,0.1428571428571429
R030,8,withheld_ai,18,0.7222222222222222,0.2777777777777778
R030,9,withheld_ai,23,0.6521739130434783,0.34782608695652173
R030,10,withheld_ai,19,0.7894736842105263,0.21052631578947367
R030,11,withheld_ai,16,0.8125,0.1875
R030,12,withheld_ai,21,0.6666666666666666,0.33333333333333337
R030,13,withheld_ai,16,0.9375,0.0625
R030,14,withheld_ai,19,0.8947368421052632,0.10526315789473684
R030,15,withheld_ai,23,0.782608695652174,0.21739130434782605
R030,16,withheld_ai,21,0.7619047619047619,0.23809523809523814
R030,17,withheld_ai,21,0.8571428571428571,0.1428571428571429
R030,18,withheld_ai,21,0.9047619047619048,0.09523809523809523
R030,19,withheld_ai,20,0.85,0.15000000000000002
R030,20,withheld_ai,18,0.8333333333333334,0.16666666666666663
R030,21,withheld_ai,23,0.9565217391304348,0.04347826086956519
R030,22,withheld_ai,22,0.9090909090909091,0.09090909090909094
R030,23,withheld_ai,23,0.9130434782608695,0.08695652173913049
R030,24,withheld_ai,16,1.0,0.0
R031,1,disagreement_prompt,23,0.2608695652173913,0.7391304347826086
R031,2,disagreement_prompt,24,0.2916666666666667,0.7083333333333333
R031,3,disagreement_prompt,24,0.3333333333333333,0.6666666666666667
R031,4,disagreement_prompt,25,0.44,0.56
R031,5,disagreement_prompt,24,0.4583333333333333,0.5416666666666667
R031,6,disagreement_prompt,22,0.2727272727272727,0.7272727272727273
R031,7,disagreement_prompt,24,0.3333333333333333,0.6666666666666667
R031,8,disagreement_prompt,24,0.2916666666666667,0.7083333333333333
R031,9,disagreement_prompt,24,0.4166666666666667,0.5833333333333333
R031,10,disagreement_prompt,22,0.45454545454545453,0.5454545454545454
R031,11,disagreement_prompt,24,0.5,0.5
R031,12,disagreement_prompt,22,0.5,0.5
R031,13,disagreement_prompt,22,0.5909090909090909,0.40909090909090906
R031,14,disagreement_prompt,23,0.6086956521739131,0.3913043478260869
R031,15,disagreement_prompt,24,0.4166666666666667,0.5833333333333333
R031,16,disagreement_prompt,23,0.4782608695652174,0.5217391304347826
R031,17,disagreement_prompt,24,0.5,0.5
R031,18,disagreement_prompt,23,0.34782608695652173,0.6521739130434783
R031,19,disagreement_prompt,25,0.28,0.72
R031,20,disagreement_prompt,22,0.5,0.5
R031,21,disagreement_prompt,23,0.30434782608695654,0.6956521739130435
R031,22,disagreement_prompt,24,0.4583333333333333,0.5416666666666667
R031,23,disagreement_prompt,23,0.7391304347826086,0.26086956521739135
R031,24,disagreement_prompt,25,0.6,0.4
R032,1,control_always_ai,25,0.68,0.31999999999999995
R032,2,control_always_ai,24,0.7083333333333334,0.29166666666666663
R032,3,control_always_ai,23,0.6521739130434783,0.34782608695652173
R032,4,control_always_ai,22,0.6818181818181818,0.31818181818181823
R032,5,control_always_ai,24,0.625,0.375
R032,6,control_always_ai,24,0.875,0.125
R032,7,control_always_ai,23,0.782608695652174,0.21739130434782605
R032,8,control_always_ai,23,0.782608695652174,0.21739130434782605
R032,9,control_always_ai,24,0.875,0.125
R032,10,control_always_ai,22,0.9090909090909091,0.09090909090909094
R032,11,control_always_ai,24,0.9166666666666666,0.08333333333333337
R032,12,control_always_ai,23,0.9565217391304348,0.04347826086956519
R032,13,control_always_ai,22,0.9090909090909091,0.09090909090909094
R032,14,control_always_ai,24,0.75,0.25
R032,15,control_always_ai,23,0.9130434782608695,0.08695652173913049
R032,16,control_always_ai,24,0.9583333333333334,0.04166666666666663
R032,17,control_always_ai,23,0.9130434782608695,0.08695652173913049
R032,18,control_always_ai,24,0.9166666666666666,0.08333333333333337
R032,19,control_always_ai,23,0.782608695652174,0.21739130434782605
R032,20,control_always_ai,24,0.9166666666666666,0.08333333333333337
R032,21,control_always_ai,23,1.0,0.0
R032,22,control_always_ai,24,1.0,0.0
R032,23,control_always_ai,22,0.9545454545454546,0.045454545454545414
R032,24,control_always_ai,25,0.88,0.12
R033,1,blind_first,23,0.30434782608695654,0.6956521739130435
R033,2,blind_first,24,0.5416666666666666,0.45833333333333337
R033,3,blind_first,25,0.2,0.8
R033,4,blind_first,23,0.43478260869565216,0.5652173913043479
R033,5,blind_first,23,0.34782608695652173,0.6521739130434783
R033,6,blind_first,24,0.08333333333333333,0.9166666666666666
R033,7,blind_first,25,0.44,0.56
R033,8,blind_first,24,0.2916666666666667,0.7083333333333333
R033,9,blind_first,23,0.34782608695652173,0.6521739130434783
R033,10,blind_first,24,0.375,0.625
R033,11,blind_first,22,0.36363636363636365,0.6363636363636364
R033,12,blind_first,21,0.42857142857142855,0.5714285714285714
R033,13,blind_first,22,0.36363636363636365,0.6363636363636364
R033,14,blind_first,21,0.3333333333333333,0.6666666666666667
R033,15,blind_first,23,0.2608695652173913,0.7391304347826086
R033,16,blind_first,23,0.5217391304347826,0.4782608695652174
R033,17,blind_first,23,0.5217391304347826,0.4782608695652174
R033,18,blind_first,24,0.5833333333333334,0.41666666666666663
R033,19,blind_first,23,0.2608695652173913,0.7391304347826086
R033,20,blind_first,22,0.5,0.5
R033,21,blind_first,21,0.23809523809523808,0.7619047619047619
R033,22,blind_first,24,0.4166666666666667,0.5833333333333333
R033,23,blind_first,22,0.36363636363636365,0.6363636363636364
R033,24,blind_first,24,0.5,0.5
R034,1,withheld_ai,20,0.15,0.85
R034,2,withheld_ai,17,0.11764705882352941,0.8823529411764706
R034,3,withheld_ai,21,0.23809523809523808,0.7619047619047619
R034,4,withheld_ai,20,0.0,1.0
R034,5,withheld_ai,20,0.15,0.85
R034,6,withheld_ai,23,0.30434782608695654,0.6956521739130435
R034,7,withheld_ai,18,0.2222222222222222,0.7777777777777778
R034,8,withheld_ai,21,0.23809523809523808,0.7619047619047619
R034,9,withheld_ai,22,0.045454545454545456,0.9545454545454546
R034,10,withheld_ai,21,0.09523809523809523,0.9047619047619048
R034,11,withheld_ai,22,0.22727272727272727,0.7727272727272727
R034,12,withheld_ai,21,0.2857142857142857,0.7142857142857143
R034,13,withheld_ai,22,0.2727272727272727,0.7272727272727273
R034,14,withheld_ai,24,0.20833333333333334,0.7916666666666666
R034,15,withheld_ai,17,0.17647058823529413,0.8235294117647058
R034,16,withheld_ai,22,0.4090909090909091,0.5909090909090908
R034,17,withheld_ai,20,0.3,0.7
R034,18,withheld_ai,20,0.15,0.85
R034,19,withheld_ai,20,0.35,0.65
R034,20,withheld_ai,22,0.3181818181818182,0.6818181818181819
R034,21,withheld_ai,19,0.3157894736842105,0.6842105263157895
R034,22,withheld_ai,23,0.17391304347826086,0.8260869565217391
R034,23,withheld_ai,19,0.2631578947368421,0.736842105263158
R034,24,withheld_ai,19,0.2631578947368421,0.736842105263158
R035,1,disagreement_prompt,24,0.375,0.625
R035,2,disagreement_prompt,24,0.375,0.625
R035,3,disagreement_prompt,24,0.3333333333333333,0.6666666666666667
R035,4,disagreement_prompt,21,0.5238095238095238,0.47619047619047616
R035,5,disagreement_prompt,24,0.5,0.5
R035,6,disagreement_prompt,21,0.3333333333333333,0.6666666666666667
R035,7,disagreement_prompt,23,0.43478260869565216,0.5652173913043479
R035,8,disagreement_prompt,25,0.64,0.36
R035,9,disagreement_prompt,23,0.5217391304347826,0.4782608695652174
R035,10,disagreement_prompt,23,0.5217391304347826,0.4782608695652174
R035,11,disagreement_prompt,24,0.4166666666666667,0.5833333333333333
R035,12,disagreement_prompt,23,0.5652173913043478,0.4347826086956522
R035,13,disagreement_prompt,25,0.6,0.4
R035,14,disagreement_prompt,25,0.48,0.52
R035,15,disagreement_prompt,23,0.6956521739130435,0.30434782608695654
R035,16,disagreement_prompt,24,0.5416666666666666,0.45833333333333337
R035,17,disagreement_prompt,23,0.6086956521739131,0.3913043478260869
R035,18,disagreement_prompt,24,0.625,0.375
R035,19,disagreement_prompt,21,0.6190476190476191,0.38095238095238093
R035,20,disagreement_prompt,21,0.5714285714285714,0.4285714285714286
R035,21,disagreement_prompt,24,0.4166666666666667,0.5833333333333333
R035,22,disagreement_prompt,23,0.4782608695652174,0.5217391304347826
R035,23,disagreement_prompt,23,0.6521739130434783,0.34782608695652173
R035,24,disagreement_prompt,25,0.76,0.24
R036,1,control_always_ai,24,0.875,0.125
R036,2,control_always_ai,25,0.72,0.28
R036,3,control_always_ai,24,0.7083333333333334,0.29166666666666663
R036,4,control_always_ai,23,0.8260869565217391,0.17391304347826086
R036,5,control_always_ai,22,0.6818181818181818,0.31818181818181823
R036,6,control_always_ai,25,0.72,0.28
R036,7,control_always_ai,21,0.8571428571428571,0.1428571428571429
R036,8,control_always_ai,22,0.7727272727272727,0.2272727272727273
R036,9,control_always_ai,23,0.8260869565217391,0.17391304347826086
R036,10,control_always_ai,24,0.8333333333333334,0.16666666666666663
R036,11,control_always_ai,24,0.9166666666666666,0.08333333333333337
R036,12,control_always_ai,24,0.875,0.125
R036,13,control_always_ai,22,0.9545454545454546,0.045454545454545414
R036,14,control_always_ai,24,0.875,0.125
R036,15,control_always_ai,25,0.88,0.12
R036,16,control_always_ai,24,1.0,0.0
R036,17,control_always_ai,23,0.8695652173913043,0.13043478260869568
R036,18,control_always_ai,23,0.9130434782608695,0.08695652173913049
R036,19,control_always_ai,23,0.9130434782608695,0.08695652173913049
R036,20,control_always_ai,20,0.9,0.09999999999999998
R036,21,control_always_ai,22,0.9545454545454546,0.045454545454545414
R036,22,control_always_ai,22,0.9545454545454546,0.045454545454545414
R036,23,control_always_ai,21,1.0,0.0
R036,24,control_always_ai,24,0.9583333333333334,0.04166666666666663
R037,1,blind_first,21,0.8095238095238095,0.19047619047619047
R037,2,blind_first,23,0.782608695652174,0.21739130434782605
R037,3,blind_first,24,0.75,0.25
R037,4,blind_first,23,0.7391304347826086,0.26086956521739135
R037,5,blind_first,24,0.8333333333333334,0.16666666666666663
R037,6,blind_first,23,0.6521739130434783,0.34782608695652173
R037,7,blind_first,25,0.88,0.12
R037,8,blind_first,24,0.7083333333333334,0.29166666666666663
R037,9,blind_first,24,0.9166666666666666,0.08333333333333337
R037,10,blind_first,22,0.8181818181818182,0.18181818181818177
R037,11,blind_first,20,0.75,0.25
R037,12,blind_first,24,0.9166666666666666,0.08333333333333337
R037,13,blind_first,22,0.9545454545454546,0.045454545454545414
R037,14,blind_first,25,0.92,0.07999999999999996
R037,15,blind_first,24,0.875,0.125
R037,16,blind_first,24,1.0,0.0
R037,17,blind_first,23,0.9565217391304348,0.04347826086956519
R037,18,blind_first,25,1.0,0.0
R037,19,blind_first,24,0.9583333333333334,0.04166666666666663
R037,20,blind_first,25,0.88,0.12
R037,21,blind_first,24,1.0,0.0
R037,22,blind_first,23,0.9565217391304348,0.04347826086956519
R037,23,blind_first,22,1.0,0.0
R037,24,blind_first,23,0.9130434782608695,0.08695652173913049
R038,1,withheld_ai,16,0.9375,0.0625
R038,2,withheld_ai,24,0.6666666666666666,0.33333333333333337
R038,3,withheld_ai,20,0.75,0.25
R038,4,withheld_ai,24,0.5,0.5
R038,5,withheld_ai,22,0.8181818181818182,0.18181818181818177
R038,6,withheld_ai,22,0.7272727272727273,0.2727272727272727
R038,7,withheld_ai,22,0.8181818181818182,0.18181818181818177
R038,8,withheld_ai,20,0.7,0.30000000000000004
R038,9,withheld_ai,22,0.5454545454545454,0.4545454545454546
R038,10,withheld_ai,18,0.7777777777777778,0.2222222222222222
R038,11,withheld_ai,18,0.7222222222222222,0.2777777777777778
R038,12,withheld_ai,22,0.8636363636363636,0.13636363636363635
R038,13,withheld_ai,18,0.8333333333333334,0.16666666666666663
R038,14,withheld_ai,18,0.8888888888888888,0.11111111111111116
R038,15,withheld_ai,21,0.9047619047619048,0.09523809523809523
R038,16,withheld_ai,21,0.9047619047619048,0.09523809523809523
R038,17,withheld_ai,20,0.75,0.25
R038,18,withheld_ai,23,0.782608695652174,0.21739130434782605
R038,19,withheld_ai,21,0.9047619047619048,0.09523809523809523
R038,20,withheld_ai,20,0.85,0.15000000000000002
R038,21,withheld_ai,21,0.9047619047619048,0.09523809523809523
R038,22,withheld_ai,21,0.9523809523809523,0.04761904761904767
R038,23,withheld_ai,23,0.9130434782608695,0.08695652173913049
R038,24,withheld_ai,21,0.9523809523809523,0.04761904761904767
R039,1,disagreement_prompt,22,0.9090909090909091,0.09090909090909094
R039,2,disagreement_prompt,24,0.6666666666666666,0.33333333333333337
R039,3,disagreement_prompt,22,0.9090909090909091,0.09090909090909094
R039,4,disagreement_prompt,22,0.9090909090909091,0.09090909090909094
R039,5,disagreement_prompt,24,0.8333333333333334,0.16666666666666663
R039,6,disagreement_prompt,21,0.8095238095238095,0.19047619047619047
R039,7,disagreement_prompt,24,0.8333333333333334,0.16666666666666663
R039,8,disagreement_prompt,23,0.9565217391304348,0.04347826086956519
R039,9,disagreement_prompt,22,1.0,0.0
R039,10,disagreement_prompt,24,0.875,0.125
R039,11,disagreement_prompt,24,1.0,0.0
R039,12,disagreement_prompt,24,0.875,0.125
R039,13,disagreement_prompt,25,0.92,0.07999999999999996
R039,14,disagreement_prompt,19,0.9473684210526315,0.052631578947368474
R039,15,disagreement_prompt,23,0.9565217391304348,0.04347826086956519
R039,16,disagreement_prompt,24,1.0,0.0
R039,17,disagreement_prompt,24,0.9166666666666666,0.08333333333333337
R039,18,disagreement_prompt,25,0.84,0.16000000000000003
R039,19,disagreement_prompt,24,0.875,0.125
R039,20,disagreement_prompt,25,0.92,0.07999999999999996
R039,21,disagreement_prompt,25,0.92,0.07999999999999996
R039,22,disagreement_prompt,24,0.9583333333333334,0.04166666666666663
R039,23,disagreement_prompt,25,0.96,0.040000000000000036
R039,24,disagreement_prompt,24,1.0,0.0
R040,1,control_always_ai,22,0.5,0.5
R040,2,control_always_ai,25,0.52,0.48
R040,3,control_always_ai,22,0.6818181818181818,0.31818181818181823
R040,4,control_always_ai,25,0.52,0.48
R040,5,control_always_ai,22,0.5,0.5
R040,6,control_always_ai,25,0.6,0.4
R040,7,control_always_ai,24,0.5,0.5
R040,8,control_always_ai,23,0.6521739130434783,0.34782608695652173
R040,9,control_always_ai,24,0.7083333333333334,0.29166666666666663
R040,10,control_always_ai,22,0.7272727272727273,0.2727272727272727
R040,11,control_always_ai,23,0.6956521739130435,0.30434782608695654
R040,12,control_always_ai,24,0.9166666666666666,0.08333333333333337
R040,13,control_always_ai,24,0.7083333333333334,0.29166666666666663
R040,14,control_always_ai,23,0.6956521739130435,0.30434782608695654
R040,15,control_always_ai,24,0.7083333333333334,0.29166666666666663
R040,16,control_always_ai,21,0.8095238095238095,0.19047619047619047
R040,17,control_always_ai,22,0.9090909090909091,0.09090909090909094
R040,18,control_always_ai,24,0.7083333333333334,0.29166666666666663
R040,19,control_always_ai,25,0.84,0.16000000000000003
R040,20,control_always_ai,24,0.9583333333333334,0.04166666666666663
R040,21,control_always_ai,22,0.7727272727272727,0.2272727272727273
R040,22,control_always_ai,25,0.88,0.12
R040,23,control_always_ai,24,0.7916666666666666,0.20833333333333337
R040,24,control_always_ai,24,0.9166666666666666,0.08333333333333337
R041,1,blind_first,23,0.13043478260869565,0.8695652173913043
R041,2,blind_first,23,0.30434782608695654,0.6956521739130435
R041,3,blind_first,24,0.125,0.875
R041,4,blind_first,23,0.043478260869565216,0.9565217391304348
R041,5,blind_first,24,0.20833333333333334,0.7916666666666666
R041,6,blind_first,21,0.0,1.0
R041,7,blind_first,22,0.09090909090909091,0.9090909090909091
R041,8,blind_first,24,0.125,0.875
R041,9,blind_first,24,0.125,0.875
R041,10,blind_first,23,0.08695652173913043,0.9130434782608696
R041,11,blind_first,24,0.08333333333333333,0.9166666666666666
R041,12,blind_first,24,0.041666666666666664,0.9583333333333334
R041,13,blind_first,22,0.0,1.0
R041,14,blind_first,25,0.08,0.92
R041,15,blind_first,24,0.0,1.0
R041,16,blind_first,24,0.08333333333333333,0.9166666666666666
R041,17,blind_first,24,0.08333333333333333,0.9166666666666666
R041,18,blind_first,23,0.08695652173913043,0.9130434782608696
R041,19,blind_first,25,0.08,0.92
R041,20,blind_first,23,0.043478260869565216,0.9565217391304348
R041,21,blind_first,20,0.1,0.9
R041,22,blind_first,23,0.17391304347826086,0.8260869565217391
R041,23,blind_first,23,0.043478260869565216,0.9565217391304348
R041,24,blind_first,24,0.20833333333333334,0.7916666666666666
R042,1,withheld_ai,21,0.38095238095238093,0.6190476190476191
R042,2,withheld_ai,23,0.30434782608695654,0.6956521739130435
R042,3,withheld_ai,22,0.5454545454545454,0.4545454545454546
R042,4,withheld_ai,22,0.45454545454545453,0.5454545454545454
R042,5,withheld_ai,20,0.4,0.6
R042,6,withheld_ai,20,0.4,0.6
R042,7,withheld_ai,20,0.6,0.4
R042,8,withheld_ai,21,0.42857142857142855,0.5714285714285714
R042,9,withheld_ai,21,0.42857142857142855,0.5714285714285714
R042,10,withheld_ai,19,0.5789473684210527,0.42105263157894735
R042,11,withheld_ai,20,0.5,0.5
R042,12,withheld_ai,23,0.5652173913043478,0.4347826086956522
R042,13,withheld_ai,22,0.5,0.5
R042,14,withheld_ai,22,0.5909090909090909,0.40909090909090906
R042,15,withheld_ai,19,0.7368421052631579,0.26315789473684215
R042,16,withheld_ai,21,0.6666666666666666,0.33333333333333337
R042,17,withheld_ai,20,0.45,0.55
R042,18,withheld_ai,22,0.36363636363636365,0.6363636363636364
R042,19,withheld_ai,21,0.7142857142857143,0.2857142857142857
R042,20,withheld_ai,22,0.5909090909090909,0.40909090909090906
R042,21,withheld_ai,19,0.7894736842105263,0.21052631578947367
R042,22,withheld_ai,22,0.6818181818181818,0.31818181818181823
R042,23,withheld_ai,22,0.6818181818181818,0.31818181818181823
R042,24,withheld_ai,18,0.6111111111111112,0.38888888888888884
R043,1,disagreement_prompt,22,0.13636363636363635,0.8636363636363636
R043,2,disagreement_prompt,22,0.0,1.0
R043,3,disagreement_prompt,24,0.125,0.875
R043,4,disagreement_prompt,24,0.125,0.875
R043,5,disagreement_prompt,22,0.13636363636363635,0.8636363636363636
R043,6,disagreement_prompt,24,0.08333333333333333,0.9166666666666666
R043,7,disagreement_prompt,25,0.16,0.84
R043,8,disagreement_prompt,23,0.043478260869565216,0.9565217391304348
R043,9,disagreement_prompt,24,0.08333333333333333,0.9166666666666666
R043,10,disagreement_prompt,21,0.09523809523809523,0.9047619047619048
R043,11,disagreement_prompt,24,0.041666666666666664,0.9583333333333334
R043,12,disagreement_prompt,23,0.13043478260869565,0.8695652173913043
R043,13,disagreement_prompt,24,0.08333333333333333,0.9166666666666666
R043,14,disagreement_prompt,24,0.25,0.75
R043,15,disagreement_prompt,20,0.05,0.95
R043,16,disagreement_prompt,24,0.125,0.875
R043,17,disagreement_prompt,23,0.13043478260869565,0.8695652173913043
R043,18,disagreement_prompt,23,0.13043478260869565,0.8695652173913043
R043,19,disagreement_prompt,23,0.043478260869565216,0.9565217391304348
R043,20,disagreement_prompt,24,0.125,0.875
R043,21,disagreement_prompt,23,0.08695652173913043,0.9130434782608696
R043,22,disagreement_prompt,24,0.20833333333333334,0.7916666666666666
R043,23,disagreement_prompt,22,0.22727272727272727,0.7727272727272727
R043,24,disagreement_prompt,25,0.12,0.88
